ID,Desa/Kelurahan,Beras_Lokal_(Sawah/Ladang),Singkong.1,Jagung_Lokal.1,Jagung_Hibrida.1,Umbi-umbian_lain.1,Sorgum.1,Jewawut/Weteng.1,Ikan_dan_Boga_Laut_Segar.1,Ikan_dan_Boga_Laut_Kering.1,Telor.1,Ayam.1,Kacang-kacangan.1,Minyak_Kelapa.1,Cabai_Besar.1,Cabai_Kecil.1,Kemiri.1,Kunyit.1,Jahe.1,Sereh.1,Lengkuas.1,Jeruk_Nipis.1,Mete.1,Lain-lain.1
22180,Lolong,1;,1;,1;,1;,0;,0;,0;,0;,0;,10000;,0;,0;,0;,10000;,10000;,2000;,0;,0;,0;,0;,5000;,0;,0;
22190,Paubokol,0;,0;,0;,0;,0;,0;,0;,0;,0;,0;,0;,;,0;,0;,0;,0;,60000;,0;,0;,0;,0;,;,;
22195,Paubokol,100;,150;,0;,0;,0;,0;,0;,0;,0;,720000;,500000;,0;,0;,0;,0;,0;,0;,0;,0;,0;,0;,0;,0;
22200,Paubokol,560;,200;,200;,0;,200;,0;,0;,0;,0;,0;,0;,0;,0;,0;,0;,0;,0;,0;,0;,0;,0;,0;,0;
22205,Paubokol,400;,400;,50;,0;,20;,0;,0;,0;,0;,0;,0;,;,0;,0;,0;,0;,0;,0;,0;,0;,0;,0;,0;
22206,Paubokol,0;,0;,0;,0;,0;,0;,0;,0;,0;,0;,0;,0;,0;,0;,0;,0;,0;,0;,0;,0;,0;,0;,0;
22208,Paubokol,300;,360;,120;,0;,120;,0;,0;,0;,0;,0;,0;,;,0;,0;,0;,0;,0;,0;,0;,0;,0;,0;,0;
22210,Paubokol,500;,300;,0;,0;,0;,0;,0;,0;,0;,720000;,1200000;,0;,0;,0;,0;,0;,0;,0;,0;,0;,0;,0;,0;
22223,Paubokol,600;,200;,60;,0;,0;,0;,0;,0;,0;,0;,0;,0;,0;,0;,0;,0;,0;,0;,0;,0;,0;,0;,0;
22226,Paubokol,280;,80;,90;,0;,0;,0;,0;,0;,0;,0;,0;,0;,0;,0;,0;,0;,0;,0;,0;,0;,0;,0;,0;
22227,Paubokol,300;,60;,30;,0;,0;,0;,0;,0;,0;,0;,0;,0;,0;,0;,0;,0;,0;,0;,0;,0;,0;,0;,0;
22233,Paubokol,0;,0;,0;,0;,0;,0;,0;,0;,0;,0;,0;,0;,0;,0;,0;,0;,0;,0;,0;,0;,0;,0;,0;
22236,Paubokol,300;,200;,50;,0;,0;,0;,0;,0;,0;,0;,0;,0;,0;,0;,0;,0;,0;,0;,0;,0;,0;,0;,0;
22238,Paubokol,240;,200;,60;,0;,60;,0;,0;,0;,0;,0;,0;,0;,0;,0;,0;,0;,0;,0;,0;,0;,0;,0;,0;
22244,Paubokol,200;,200;,300;,0;,0;,0;,0;,0;,0;,0;,0;,0;,0;,0;,0;,0;,0;,0;,0;,0;,0;,0;,0;
22245,Paubokol,0;,0;,0;,0;,0;,0;,0;,0;,0;,0;,0;,0;,0;,0;,;,0;,0;,0;,0;,0;,0;,0;,0;
22253,Paubokol,0;,0;,0;,0;,0;,0;,0;,0;,0;,0;,0;,0;,0;,0;,0;,0;,0;,0;,0;,0;,0;,0;,0;
22259,Duawutun,;,0;,0;,0;,0;,0;,0;,80000;,;,10000;,;,;,35000;,;,;,;,;,;,;,;,;,;,;
22260,Duawutun,0; 0; 0;,0; 0; ;,0; 0; ;,0; 0; ;,0; 0; ;,0; 0; ;,0; 0; ;,0; 0; ;,0; 0; ;,0; 0; ;,0; 0; ;,0; 0; 0;,0; 0; 0;,0; 0; ;,0; 0; ;,; 0; ;,; 0; ;,; 0; ;,; 0; ;,; 0; ;,; 0; ;,; ; ;,; ; ;
22262,Duawutun,,,,,,,,,,,,,,,,,,,,,,,
22272,Duawutun,10;,1;,10;,;,;,;,;,10000;,20000;,10000;,;,;,15000;,5000;,5000;,;,;,;,;,;,;,;,;
22297,Balauring,0; ;,0; ;,180; 60;,0; ;,0; ;,0; ;,0; ;,7200000; ;,0; ;,0; ;,0; ;,; ;,0; ;,0; ;,0; ;,0; ;,0; ;,0; ;,0; ;,0; ;,0; ;,; ;,; ;
22298,Balauring,; ;,; ;,300; ;,; ;,; ;,; ;,; ;,; ;,; ;,; ;,; ;,; 0;,; ;,; ;,; ;,; ;,; ;,; ;,; ;,; ;,; ;,; ;,; ;
22300,Balauring,,,,,,,,,,,,,,,,,,,,,,,
22301,Balauring,;,;,120;,;,;,;,;,;,;,;,;,;,;,;,;,;,;,;,;,;,;,;,;
22303,Balauring,;,;,300;,;,;,;,;,;,;,;,;,0;,;,;,;,;,;,;,;,;,;,;,;
22309,Balauring,;,;,300;,;,;,;,;,;,;,;,;,;,;,420000;,120000;,60000;,;,;,;,;,;,;,;
22325,Labalimut,0;,0;,0;,0;,0;,0;,0;,0;,0;,0;,0;,0;,0;,0;,0;,0;,0;,0;,0;,0;,0;,0;,0;
22326,Labalimut,10;,2;,2;,0;,0;,0;,0;,0;,0;,0;,0;,;,0;,0;,0;,30000;,0;,0;,0;,0;,0;,;,;
22327,Labalimut,5;,0;,0;,0;,0;,0;,0;,0;,0;,0;,0;,0;,0;,0;,10000;,10000;,0;,0;,0;,0;,0;,0;,0;
22328,Labalimut,0;,2;,5;,0;,2;,0;,0;,0;,0;,0;,0;,0;,0;,0;,0;,0;,0;,0;,0;,0;,0;,;,0;
22329,Labalimut,0;,10;,7;,20;,6;,0;,0;,0;,0;,0;,0;,0;,0;,0;,0;,0;,0;,0;,0;,5000;,0;,0;,0;
22330,Labalimut,10;,5;,5;,0;,0;,0;,0;,0;,0;,0;,0;,0;,0;,0;,0;,0;,0;,0;,0;,0;,0;,0;,0;
22332,Nubamado,200;,0;,300;,0;,40;,0;,0;,0;,0;,0;,100000;,0;,240000;,0;,240000;,0;,0;,0;,0;,0;,0;,20000;,0;
22334,Nubamado,0;,30;,0;,0;,0;,0;,0;,0;,0;,0;,0;,0;,0;,0;,240000;,0;,0;,0;,0;,0;,0;,0;,;
22335,Nubamado,150;,20;,25;,0;,5;,0;,0;,0;,0;,0;,0;,0;,50000;,0;,50000;,0;,0;,0;,20000;,20000;,0;,0;,0;
22336,Nubamado,120;,12;,36;,0;,0;,0;,0;,1920000;,1200000;,288000;,500000;,0;,0;,0;,0;,1280000;,60000;,0;,60000;,60000;,0;,0;,0;
22338,Nubamado,0;,0;,0;,0;,0;,0;,0;,0;,0;,50000;,1000000;,0;,0;,50000;,50000;,0;,20000;,20000;,20000;,0;,0;,0;,0;
22339,Nubamado,250;,20;,100;,0;,5;,0;,0;,0;,0;,0;,1000000;,0;,60000;,0;,100000;,500000;,20000;,20000;,20000;,20000;,50000;,1380000;,250000;
22340,Nubamado,0;,0;,30;,00;,0;,0;,0;,0;,0;,0;,0;,0;,0;,0;,0;,0;,0;,0;,0;,0;,0;,0;,;
22342,Nubamado,13;,20;,50;,0;,0;,0;,0;,0;,0;,20000;,200000;,0;,60000;,0;,100000;,3000000;,20000;,20000;,20000;,20000;,100000;,4600000;,0;
22343,Nubamado,0;,50;,0;,0;,0;,0;,0;,0;,0;,0;,;,0;,0;,0;,30000;,0;,0;,30000;,20000;,30000;,0;,0;,;
22344,Nubamado,0;,210;,150;,0;,0;,0;,0;,0;,0;,125000;,500000;,0;,0;,0;,120000;,0;,0;,0;,0;,0;,0;,0;,0;
22345,Nubamado,96;,0;,15;,0;,0;,0;,0;,0;,0;,0;,400000;,0;,0;,0;,105000;,0;,60000;,60000;,60000;,60000;,0;,0;,0;
22346,Nubamado,240;,12;,0;,0;,0;,0;,0;,360000;,0;,72000;,150000;,0;,384000;,0;,15000;,30000;,180000;,84000;,0;,0;,0;,0;,360000;
22347,Nubamado,100;,20;,50;,0;,0;,0;,0;,0;,0;,0;,0;,0;,0;,0;,200000;,100000;,20000;,20000;,20000;,20000;,40000;,1150000;,0;
22348,Nubamado,0;,0;,0;,0;,0;,0;,0;,0;,0;,0;,0;,0;,0;,0;,0;,0;,0;,0;,0;,0;,0;,0;,0;
22349,Nubamado,20;,60;,50;,0;,0;,0;,0;,0;,0;,400000;,1200000;,0;,0;,0;,0;,0;,60000;,60000;,60000;,60000;,0;,0;,0;
22350,Nubamado,480;,0;,60;,0;,0;,0;,0;,0;,0;,0;,0;,0;,0;,0;,0;,0;,0;,60000;,30000;,0;,0;,0;,0;
22351,Nubamado,0;,30;,20;,0;,0;,0;,0;,0;,0;,0;,0;,0;,0;,0;,50000;,0;,50000;,0;,30000;,0;,0;,0;,;
22352,Nubamado,0;,50;,10;,0;,0;,0;,0;,0;,0;,0;,0;,0;,0;,0;,0;,0;,0;,0;,0;,0;,0;,0;,0;
22353,Nubamado,50;,15;,100;,0;,0;,0;,0;,480000;,0;,330000;,900000;,;,0;,0;,0;,0;,0;,0;,0;,0;,0;,;,0;
22354,Nubamado,150;,0;,600;,0;,0;,0;,0;,0;,0;,300000;,500000;,0;,0;,0;,60000;,0;,60000;,60000;,60000;,60000;,0;,0;,0;
22355,Nubamado,400;,100;,700;,0;,20;,0;,0;,0;,0;,0;,0;,0;,0;,0;,50;,0;,0;,0;,50;,0;,0;,0;,;
22356,Nubamado,1000;,0;,0;,0;,0;,0;,0;,0;,0;,0;,0;,0;,0;,0;,100000;,0;,20000;,20000;,20000;,20000;,50000;,0;,0;
22358,Nubamado,,,,,,,,,,,,,,,,,,,,,,,
22362,Balauring,;,;,;,;,;,;,;,;,;,;,;,;,;,240000;,240000;,;,60000;,60000;,24000;,24000;,24000;,;,;
22363,Balauring,;,;,128;,;,;,;,;,3600000;,;,;,;,;,1080000;,100000;,80000;,;,30000;,;,20000;,;,;,;,;
22364,Balauring,;,;,30;,;,;,;,;,3600000;,;,;,;,;,;,1200000;,600000;,;,;,;,;,;,;,;,;
22365,Labalimut,20;,5;,0;,0;,0;,0;,0;,0;,0;,0;,100000;,;,0;,10000;,10000;,0;,0;,0;,0;,0;,0;,0;,0;
22366,Balauring,,,,,,,,,,,,,,,,,,,,,,,
22367,Labalimut,10;,0;,2;,0;,0;,0;,0;,30000;,10000;,10000;,0;,;,0;,0;,0;,0;,0;,0;,0;,0;,0;,;,0;
22368,Labalimut,10;,5;,5;,0;,5;,0;,0;,0;,0;,0;,0;,0;,0;,10000;,10000;,15000;,10000;,0;,0;,5000;,0;,0;,;
22369,Balauring,;,;,60;,;,6;,;,;,;,;,;,;,;,;,240000;,240000;,60000;,60000;,36000;,24000;,24000;,;,;,;
22370,Balauring,,,,,,,,,,,,,,,,,,,,,,,
22371,Labalimut,20;,5;,5;,0;,0;,0;,0;,0;,0;,0;,0;,0;,0;,0;,0;,0;,0;,0;,0;,0;,0;,;,0;
22372,Labalimut,20;,5;,3;,5;,2;,0;,0;,0;,0;,0;,0;,;,0;,0;,0;,0;,0;,0;,0;,0;,0;,;,;
22373,Labalimut,20;,1;,5;,0;,1;,0;,0;,0;,0;,36000;,0;,;,0;,0;,0;,0;,0;,0;,0;,0;,0;,;,0;
22374,Labalimut,25;,5;,2;,0;,0;,0;,0;,0;,0;,0;,0;,0;,;,0;,0;,10000;,0;,0;,0;,0;,0;,;,0;
22377,Labalimut,0;,4;,5;,0;,0;,0;,0;,0;,0;,0;,0;,0;,0;,0;,0;,0;,0;,0;,0;,0;,0;,0;,0;
22378,Labalimut,5;,2;,0;,0;,0;,0;,0;,0;,0;,0;,0;,0;,0;,0;,0;,0;,0;,0;,0;,0;,0;,0;,0;
22379,Labalimut,0;,4;,4;,0;,0;,0;,0;,0;,0;,0;,0;,0;,0;,0;,0;,0;,0;,0;,0;,0;,0;,0;,0;
22380,Pada,0;,4;,4;,0;,0;,0;,0;,0;,0;,0;,0;,0;,0;,0;,0;,0;,0;,0;,0;,0;,0;,0;,0;
22381,Pada,20;,5;,5;,0;,0;,0;,0;,0;,0;,50000;,60000;,0;,0;,0;,0;,0;,0;,0;,0;,0;,0;,;,;
22390,Balauring,;,;,120;,;,;,;,;,;,;,;,;,;,;,;,;,;,;,;,;,;,;,;,;
22391,Balauring,,,,,,,,,,,,,,,,,,,,,,,
22392,Balauring,;,60;,120;,;,;,;,;,;,;,;,;,;,;,;,;,;,;,;,;,;,;,;,;
22393,Balauring,;,;,180;,;,;,;,;,;,;,;,;,;,;,;,;,;,;,;,;,;,;,;,;
22394,Balauring,;,;,120;,;,;,;,;,;,;,;,;,;,;,;,;,;,;,;,;,;,;,;,;
22395,Balauring,;,;,180;,;,;,;,;,;,;,;,;,;,;,;,;,;,;,;,;,;,;,;,;
22396,Labalimut,0;,2;,0;,0;,0;,0;,0;,0;,0;,0;,0;,;,0;,0;,0;,0;,0;,0;,0;,0;,0;,;,0;
22397,Labalimut,12;,10;,10;,0;,0;,0;,0;,0;,0;,0;,0;,0;,40000;,0;,0;,0;,0;,0;,0;,0;,0;,;,0;
22398,Labalimut,0;,0;,0;,0;,0;,0;,0;,0;,0;,0;,0;,0;,0;,0;,0;,0;,0;,0;,0;,0;,0;,;,0;
22399,Labalimut,0;,4;,4;,0;,0;,0;,0;,0;,0;,0;,0;,0;,0;,0;,0;,5000;,0;,0;,0;,0;,0;,;,0;
22411,Labalimut,20;,5;,3;,6;,0;,0;,0;,0;,0;,0;,0;,0;,0;,0;,0;,0;,0;,0;,0;,0;,0;,;,0;
22414,Dikesare,0; ; 0;,1; 1; 0;,0; ; 0;,0; ; 0;,0; ; 0;,0; ; 0;,0; ; 0;,0; ; 0;,0; ; 0;,0; ; 0;,0; ; 0;,0; ; ;,0; ; 0;,0; ; 0;,0; ; 0;,0; ; 0;,0; ; 0;,0; ; 0;,0; ; 0;,0; ; 0;,0; ; 0;,0; ; ;,5000; 0; 0;
22415,Tubuk Rajan,,,,,,,,,,,,,,,,,,,,,,,
22420,Tubungwalang,;,240000;,600000;,100000;,100000;,;,;,;,;,;,;,;,;,50000;,50000;,10000;,25000;,;,20000;,;,20000;,50000;,;
22424,Benihading,20;,2;,10;,0;,0;,0;,0;,0;,0;,0;,75000;,0;,0;,0;,0;,0;,0;,0;,0;,0;,0;,0;,0;
22440,Todanara,50;,0;,10;,0;,0;,0;,0;,0;,0;,0;,0;,0;,0;,0;,0;,0;,0;,0;,0;,0;,0;,0;,;
22441,Todanara,10;,2;,0;,0;,0;,0;,0;,0;,0;,0;,0;,0;,0;,0;,0;,10000;,0;,0;,0;,0;,0;,0;,;
22442,Todanara,0;,10;,0;,50;,0;,0;,0;,0;,0;,0;,0;,175000;,0;,0;,0;,5000;,0;,0;,0;,0;,0;,0;,;
22443,Todanara,0;,10;,50;,0;,0;,0;,0;,20000;,0;,0;,0;,30000;,0;,0;,0;,0;,0;,0;,0;,0;,0;,0;,;
22446,Duawutun,0;,0;,0;,0;,0;,0;,0;,0;,0;,0;,0;,0;,24000;,0;,0;,0;,0;,0;,0;,0;,0;,;,0;
22447,Bour,20;,0;,2;,0;,0;,0;,0;,30000;,;,;,0;,0;,0;,0;,20000;,0;,10000;,0;,10000;,0;,10000;,0;,5000;
22456,Duawutun,20;,0;,0;,0;,0;,0;,0;,20000;,10000;,0;,0;,0;,20000;,0;,0;,0;,0;,0;,0;,0;,0;,;,0;
22457,Duawutun,0;,0;,0;,0;,0;,0;,0;,0;,0;,0;,;,0;,0;,0;,0;,0;,0;,0;,0;,0;,0;,;,0;
22458,Duawutun,0;,0;,100;,300;,0;,0;,0;,0;,0;,0;,0;,;,0;,0;,0;,0;,0;,0;,0;,0;,0;,;,;
22459,Duawutun,20; 0;,0; 0;,0; 0;,0; 0;,0; 0;,0; 0;,0; 0;,200000; 0;,0; 0;,65000; 0;,0; 0;,; 0;,100000; 0;,0; 0;,0; 0;,0; 0;,0; 0;,0; 0;,0; 0;,0; 0;,0; 0;,; ;,60000; 0;
22460,Duawutun,0;,0;,0;,0;,0;,0;,0;,0;,0;,0;,0;,0;,0;,0;,0;,0;,0;,0;,0;,0;,0;,;,0;
22461,Duawutun,0;,6;,15;,0;,6;,0;,0;,20000;,0;,0;,0;,0;,0;,0;,0;,0;,0;,0;,0;,0;,0;,0;,0;
22462,Duawutun,20; 0;,0; 0;,10; 0;,0; 0;,1; 0;,0; 0;,0; 0;,20000; 0;,10000; 0;,60000; 0;,0; 0;,0; 0;,110000; 0;,0; 0;,0; 0;,0; 0;,0; 0;,0; 0;,0; 0;,0; 0;,0; 0;,; 0;,0; 0;
22463,Mahal,0;,1;,300;,0;,0;,0;,0;,0;,0;,0;,0;,0;,0;,0;,0;,0;,0;,0;,0;,0;,0;,0;,0;
22464,Duawutun,0;,0;,0;,0;,0;,0;,0;,0;,0;,0;,0;,0;,0;,0;,0;,0;,0;,0;,0;,0;,0;,;,0;
22465,Duawutun,0;,0;,0;,0;,0;,0;,0;,0;,0;,0;,0;,0;,0;,0;,0;,0;,0;,0;,0;,0;,0;,;,0;
22466,Duawutun,20;,0;,0;,0;,0;,0;,0;,300000;,10000;,0;,0;,0;,52500;,0;,0;,0;,0;,0;,0;,0;,0;,;,0;
22467,Duawutun,0;,0;,0;,0;,0;,0;,0;,0;,0;,0;,0;,0;,0;,0;,0;,0;,0;,0;,0;,0;,0;,;,0;
22468,Duawutun,0;,0;,0;,0;,0;,0;,0;,0;,0;,0;,0;,0;,0;,0;,0;,0;,0;,0;,0;,0;,0;,;,0;
22471,Duawutun,0;,0;,0;,0;,0;,0;,0;,0;,0;,0;,0;,0;,0;,0;,0;,0;,0;,0;,0;,0;,0;,;,0;
22473,Duawutun,0;,0;,0;,0;,0;,0;,0;,160000;,80000;,400000;,0;,0;,0;,0;,0;,0;,0;,0;,0;,0;,0;,;,0;
22474,Duawutun,0;,0;,0;,0;,0;,0;,0;,0;,0;,0;,0;,0;,0;,0;,0;,0;,0;,0;,0;,0;,0;,;,0;
22475,Duawutun,0;,0;,0;,0;,0;,0;,0;,0;,0;,0;,0;,0;,0;,0;,0;,0;,0;,0;,0;,0;,0;,;,0;
22479,Duawutun,0;,0;,0;,0;,0;,0;,0;,12000;,0;,40000;,0;,0;,0;,0;,0;,0;,0;,0;,0;,0;,0;,;,0;
22480,Duawutun,,,,,,,,,,,,,,,,,,,,,,,
22481,Duawutun,,,,,,,,,,,,,,,,,,,,,,,
22482,Duawutun,0;,0;,0;,0;,0;,0;,0;,0;,0;,0;,0;,0;,0;,0;,0;,0;,0;,0;,0;,0;,0;,;,0;
22483,Dikesare,0; ; ;,2; ; 2;,2; ; 2;,0; ; ;,0; ; ;,0; ; ;,0; ; ;,0; ; ;,0; ; ;,0; ; ;,0; ; ;,0; 0; ;,0; ; ;,0; ; ;,0; ; ;,5000; 5000; 5000;,5000; 5000; 5000;,5000; 5000; 5000;,5000; 5000; 5000;,5000; 5000; 5000;,5000; 5000; 5000;,0; ; ;,0; ; ;
22484,Duawutun,0;,5;,9;,0;,0;,0;,0;,80000;,0;,0;,0;,;,0;,0;,0;,0;,0;,0;,0;,0;,0;,;,60000;
22485,Duawutun,,,,,,,,,,,,,,,,,,,,,,,
22486,Duawutun,0;,0;,0;,0;,0;,0;,0;,0;,0;,0;,0;,0;,;,0;,0;,0;,0;,0;,0;,0;,0;,;,0;
22487,Duawutun,,,,,,,,,,,,,,,,,,,,,,,
22488,Duawutun,1;,0;,1;,0;,0;,0;,0;,0;,0;,0;,0;,;,0;,0;,0;,0;,0;,0;,0;,0;,0;,0;,0;
22493,Labalimut,0;,0;,0;,0;,0;,0;,0;,0;,0;,0;,0;,;,0;,;,30000;,0;,0;,10000;,5000;,0;,20000;,;,40000;
22497,Pada,0;,5;,25;,0;,0;,0;,0;,0;,0;,0;,0;,0;,0;,0;,0;,0;,0;,0;,0;,0;,0;,0;,0;
22498,Labalimut,20;,5;,1;,1;,0;,0;,0;,0;,0;,0;,0;,0;,0;,0;,0;,0;,0;,0;,0;,0;,0;,0;,0;
22500,Dulitukan,;,;,;,100;,;,;,;,;,;,;,;,;,;,;,;,;,;,;,;,;,;,;,;
22502,Nubamado,20;,120;,0;,0;,0;,0;,0;,0;,0;,0;,0;,0;,0;,0;,0;,0;,0;,0;,240000;,0;,240000;,;,0;
22503,Pada,30;,4;,5;,3;,3;,1;,1;,200000;,0;,0;,0;,;,80000;,0;,0;,0;,0;,0;,10000;,20000;,10000;,0;,0;
22504,Pada,0;,4;,5;,0;,0;,0;,0;,0;,0;,0;,0;,;,0;,0;,0;,0;,0;,0;,0;,0;,0;,0;,0;
22508,Riangbao,0;,10;,0;,5;,0;,0;,0;,0;,0;,0;,0;,0;,0;,0;,0;,0;,0;,0;,0;,0;,0;,0;,0;
22509,Riangbao,10;,;,5;,;,;,;,;,240000;,;,;,;,0;,0;,;,20000;,;,;,;,;,;,;,;,;
22510,Riangbao,,,,,,,,,,,,,,,,,,,,,,,
22511,Riangbao,,,,,,,,,,,,,,,,,,,,,,,
22512,Riangbao,,,,,,,,,,,,,,,,,,,,,,,
22513,Riangbao,0;,25;,10;,0;,0;,0;,0;,;,;,;,;,;,;,;,;,;,;,;,;,;,;,;,;
22514,Riangbao,;,10;,20;,;,;,;,;,;,;,;,;,;,;,;,;,;,;,;,;,;,;,;,;
22515,Riangbao,10;,;,;,;,;,;,;,100000;,;,;,;,;,;,;,;,;,;,;,;,;,;,;,;
22516,Riangbao,,,,,,,,,,,,,,,,,,,,,,,
22517,Riangbao,3;,1;,;,;,1;,;,;,;,;,;,;,;,;,;,;,;,;,;,;,;,;,;,;
22518,Riangbao,3;,;,;,;,;,;,;,;,;,;,;,;,;,;,;,;,;,;,;,;,;,;,;
22519,Riangbao,3;,;,3;,;,3;,;,;,80000;,40000;,;,30000;,2000;,;,;,;,;,;,;,;,;,;,;,;
22522,Riangbao,,,,,,,,,,,,,,,,,,,,,,,
22523,Riangbao,;,10;,20;,;,;,;,;,;,;,;,;,;,;,;,;,;,;,;,;,;,;,;,;
22524,Riangbao,;,;,5;,;,;,;,;,;,;,;,;,;,;,;,;,;,;,;,;,;,;,;,;
22525,Riangbao,,,,,,,,,,,,,,,,,,,,,,,
22526,Riangbao,3;,16;,4;,;,;,;,;,160000;,;,;,;,;,;,;,;,;,5000;,5000;,5000;,;,;,;,;
22527,Riangbao,3;,50;,12;,;,;,;,;,;,;,;,;,;,;,;,;,;,;,;,;,;,;,;,;
22529,Riangbao,;,;,20;,;,;,;,;,;,;,;,;,;,;,;,;,;,;,;,;,;,;,;,;
22530,Riangbao,3;,3;,3;,;,;,;,;,120000;,;,;,;,;,;,;,5000;,;,5000;,5000;,5000;,5000;,5000;,;,;
22531,Riangbao,3;,3;,3;,;,3;,;,;,40000;,40000;,;,;,;,;,;,;,;,;,;,;,;,;,;,;
22532,Riangbao,,,,,,,,,,,,,,,,,,,,,,,
22534,Riangbao,10;,100;,8;,;,3;,;,;,200000;,;,;,;,;,;,;,5000;,;,5000;,;,;,;,5000;,;,;
22535,Riangbao,;,;,30;,;,;,;,;,;,;,;,;,;,;,;,;,;,;,;,;,;,;,;,;
22536,Riangbao,3;,3;,3;,;,3;,;,;,;,;,;,;,;,;,;,;,;,;,;,;,;,;,;,;
22538,Balauring,,,,,,,,,,,,,,,,,,,,,,,
22540,Balauring,,,,,,,,,,,,,,,,,,,,,,,
22541,Balauring,,,,,,,,,,,,,,,,,,,,,,,
22542,Muruona,0;,40;,0;,20;,0;,0;,0;,0;,0;,0;,0;,0;,0;,0;,0;,0;,0;,0;,0;,0;,0;,0;,0;
22543,Balauring,,,,,,,,,,,,,,,,,,,,,,,
22544,Balauring,;,;,;,;,;,;,;,7200000;,;,;,;,0;,;,;,;,;,;,;,;,;,;,;,;
22545,Muruona,50;,0;,0;,60;,0;,0;,0;,0;,0;,0;,0;,0;,0;,120000;,0;,0;,70000;,70000;,0;,0;,0;,0;,-;
22546,Riangbao,10;,0;,0;,0;,0;,0;,0;,0;,0;,0;,0;,0;,0;,0;,0;,0;,0;,0;,0;,0;,0;,;,;
22547,Balauring,;,;,;,;,;,;,;,;,;,;,;,0;,;,;,;,;,;,;,;,;,;,;,;
22548,Muruona,30;,0;,0;,0;,0;,0;,0;,0;,0;,0;,0;,0;,0;,0;,0;,0;,0;,0;,0;,0;,0;,0;,0;
22549,Balauring,,,,,,,,,,,,,,,,,,,,,,,
22550,Balauring,;,;,;,;,;,;,;,3900000;,;,;,;,0;,;,;,;,;,;,;,;,;,;,;,;
22551,Muruona,0;,20;,40;,49;,0;,0;,0;,0;,0;,0;,0;,0;,0;,0;,0;,0;,0;,0;,0;,0;,0;,0;,0;
22553,Pada,0;,5;,0;,5;,0;,0;,0;,0;,0;,0;,0;,;,0;,0;,0;,0;,0;,0;,0;,0;,0;,;,;
22559,Pada,0; 0;,0; 0;,0; 0;,0; 0;,0; 0;,0; 0;,0; 0;,0; 0;,0; 0;,0; 0;,0; 0;,0; 0;,0; 0;,0; 0;,0; 0;,0; 0;,0; 0;,0; 0;,0; 0;,0; 0;,0; 0;,0; 0;,0; 0;
22560,Muruona,0;,50;,0;,25;,0;,0;,0;,0;,0;,0;,-;,0;,0;,0;,0;,0;,0;,0;,0;,0;,0;,0;,-;
22561,Pada,0;,10;,10;,0;,0;,0;,0;,0;,0;,0;,0;,0;,0;,0;,0;,0;,0;,0;,0;,0;,0;,0;,0;
22566,Paubokol,50;,100;,60;,0;,80;,0;,0;,0;,0;,0;,0;,0;,0;,0;,480000;,0;,0;,0;,240000;,0;,0;,0;,0;
22567,Dulitukan,;,;,;,;,;,;,;,;,;,;,;,2275000;,;,;,;,;,;,;,;,;,;,;,;
22568,Paubokol,0;,0;,0;,0;,0;,0;,0;,0;,0;,0;,0;,0;,0;,0;,0;,0;,0;,0;,0;,0;,0;,0;,0;
22569,Nubamado,0;,0;,240;,0;,0;,0;,0;,0;,0;,0;,0;,0;,0;,0;,120000;,0;,120000;,60000;,0;,0;,0;,0;,;
22570,Kalikur,0;,0;,150;,0;,0;,0;,0;,0;,0;,0;,0;,0;,30000;,0;,0;,0;,0;,0;,0;,0;,0;,0;,45000;
22571,Bour,0;,0.5;,0.5;,2;,0;,0;,0;,40000;,100000;,50000;,100000;,0;,0;,0;,0;,0;,0;,0;,0;,0;,0;,0;,0;
22572,Nubamado,250;,48;,100;,0;,0;,0;,0;,0;,0;,45000;,1000000;,0;,0;,0;,0;,600000;,0;,0;,0;,0;,0;,0;,0;
22573,Bour,0;,20;,30;,50;,0;,0;,0;,0;,0;,0;,0;,0;,0;,0;,0;,0;,0;,0;,0;,0;,0;,0;,0;
22574,Pada,0;,2;,0;,10;,0;,0;,0;,0;,0;,0;,0;,0;,0;,0;,0;,0;,0;,0;,0;,0;,0;,0;,;
22575,Pada,0;,0;,0;,0;,0;,0;,0;,0;,0;,0;,0;,0;,0;,0;,0;,0;,0;,0;,0;,0;,0;,0;,;
22576,Muruona,0;,0;,0;,1000;,0;,0;,0;,0;,0;,0;,0;,0;,0;,0;,0;,0;,0;,0;,0;,0;,0;,0;,0;
22578,Kalikur,0;,0;,100;,0;,0;,0;,0;,0;,0;,0;,0;,25000;,0;,0;,0;,0;,0;,0;,0;,0;,0;,0;,55000;
22579,Pada,0;,0;,0;,0;,0;,0;,0;,00;,0;,0;,0;,0;,0;,0;,0;,0;,0;,0;,0;,0;,0;,0;,;
22580,Tubungwalang,;,;,50;,;,;,;,;,;,;,;,;,;,;,;,;,288000;,288000;,288000;,;,;,;,288000;,;
22582,Muruona,0;,0;,0;,0;,0;,0;,0;,240000;,0;,0;,0;,0;,0;,0;,0;,0;,0;,0;,0;,0;,0;,0;,0;
22583,Tubungwalang,5;,10;,30;,30;,50;,5;,5;,;,;,100000;,130000;,20000;,30000;,10000;,20000;,10000;,5000;,5000;,5000;,5000;,10000;,10000;,;
22584,Kalikur,,,,,,,,,,,,,,,,,,,,,,,
22585,Muruona,0;,0;,0;,0;,0;,0;,0;,240000;,0;,0;,+;,0;,0;,0;,0;,0;,0;,0;,0;,0;,0;,0;,-;
22587,Nubamado,0;,10;,0;,0;,0;,0;,0;,0;,0;,0;,300000;,0;,50000;,0;,400000;,0;,20000;,20000;,20000;,20000;,20000;,0;,;
22589,Nubamado,90;,40;,100;,0;,0;,0;,0;,0;,0;,0;,0;,0;,0;,0;,0;,0;,0;,0;,0;,0;,0;,0;,0;
22591,Balauring,;,;,;,;,;,;,;,6200000;,;,;,;,;,;,;,;,;,;,;,;,;,;,;,;
22593,Bour,50;,5;,4;,0;,0;,0;,0;,0;,0;,0;,60000;,0;,15000;,0;,0;,0;,0;,0;,0;,0;,0;,0;,0;
22595,Balauring,,,,,,,,,,,,,,,,,,,,,,,
22596,Balauring,,,,,,,,,,,,,,,,,,,,,,,
22597,Bour,0;,0;,0;,0;,0;,0;,0;,50000;,0;,0;,0;,0;,0;,0;,0;,0;,0;,0;,0;,0;,0;,0;,0;
22598,Balauring,,,,,,,,,,,,,,,,,,,,,,,
22617,Merdeka,3;,;,;,;,;,;,;,;,;,;,30000;,;,;,;,;,;,;,;,;,;,;,;,;
22618,Pada,0;,20;,0;,0;,0;,0;,0;,0;,0;,0;,0;,0;,0;,0;,0;,0;,0;,0;,0;,0;,0;,0;,;
22619,Muruona,0;,20;,10;,10;,0;,0;,0;,0;,0;,0;,0;,0;,0;,0;,0;,0;,0;,0;,0;,0;,0;,0;,0;
22620,Merdeka,;,;,;,4.5;,3.5;,;,;,;,;,;,;,;,;,12500;,12500;,6500;,;,;,6500;,12500;,;,;,;
22621,Kalikur,,,,,,,,,,,,,,,,,,,,,,,
22623,Pada,0;,25;,0;,25;,0;,0;,0;,50000;,0;,0;,0;,0;,0;,0;,25000;,0;,10000;,10000;,10000;,0;,0;,0;,;
22624,Pada,50;,10;,20;,0;,2;,0;,0;,;,;,;,;,;,0;,0;,;,;,;,;,;,;,;,;,;
22625,Kalikur,0;,0;,1000;,0;,0;,0;,0;,0;,0;,0;,0;,0;,0;,0;,0;,0;,0;,0;,0;,0;,0;,0;,30000;
22626,Tubungwalang,;,60;,200;,;,60;,6;,6;,300000;,;,;,600000;,100000;,;,30000;,50000;,;,50000;,50000;,50000;,50000;,100000;,;,;
22628,Mahal,0;,0;,5;,0;,0;,0;,0;,0;,0;,0;,0;,0;,0;,0;,0;,0;,0;,10000;,5000;,5000;,0;,0;,;
22643,Pada,0;,20;,30;,10;,0;,0;,0;,0;,0;,0;,0;,0;,0;,0;,0;,0;,0;,0;,0;,0;,0;,0;,;
22644,Pada,;,3;,5;,5;,;,;,;,40000;,20000;,0;,;,;,0;,;,;,;,;,;,;,;,;,;,;
22646,Dulitukan,;,;,;,;,20;,;,;,;,;,;,;,;,;,;,;,;,;,;,;,;,;,;,;
22647,Dulitukan,,,,,,,,,,,,,,,,,,,,,,,
22648,Dulitukan,;,;,;,;,;,;,;,;,;,;,;,25000;,;,;,;,;,;,;,;,;,;,;,;
22651,Tubungwalang,200;,0;,0;,0;,0;,0;,0;,0;,0;,0;,0;,0;,0;,0;,0;,0;,0;,0;,0;,0;,0;,0;,;
22652,Dulitukan,;,;,;,;,;,;,;,300000;,;,;,50000;,20800;,;,;,;,;,;,;,;,;,;,;,;
22653,Tubungwalang,0;,20;,50;,0;,15;,0;,0;,0;,0;,0;,0;,0;,200000;,0;,0;,60000;,10000;,10000;,10000;,10000;,0;,200000;,0;
22654,Tubungwalang,0;,0;,5;,3;,2;,0;,0;,0;,0;,0;,30000;,180000;,0;,0;,0;,180000;,50000;,50000;,0;,0;,0;,0;,0;
22655,Tubungwalang,0;,120;,120;,0;,120;,0;,0;,0;,0;,0;,300000;,0;,0;,0;,300000;,0;,0;,0;,60000;,0;,0;,0;,0;
22656,Dulitukan,;,;,5000;,10000;,;,;,;,;,;,;,;,291666.66;,;,;,;,;,;,;,;,;,;,;,;
22657,Dulitukan,;,;,5;,4;,;,;,;,;,;,;,;,3750000;,;,;,;,;,;,;,;,;,;,;,;
22659,Muruona,0;,240;,480;,1920;,480;,0;,0;,0;,0;,0;,140000;,0;,0;,0;,240000;,0;,240000;,240000;,120000;,0;,0;,0;,;
22662,Tubuk Rajan,30;,12;,20;,;,;,;,;,;,;,;,120000;,;,;,;,40000;,;,5000;,10000;,50000;,;,;,;,;
22663,Puor,;,30;,;,;,;,;,;,;,;,;,;,;,;,300000;,600000;,20000;,20000;,20000;,20000;,20000;,20000;,;,;
22664,Puor,;,;,;,;,;,;,;,;,;,;,900000;,120000;,;,;,120000;,;,60000;,60000;,60000;,60000;,60000;,;,;
22666,Tubungwalang,;,;,50;,;,;,;,;,144000;,;,;,;,;,;,;,;,132000;,;,;,;,;,;,;,;
22667,Tubungwalang,0;,2;,5;,0;,2;,0;,0;,0;,100000;,150000;,350000;,180000;,0;,100000;,100000;,0;,0;,0;,0;,0;,0;,0;,;
22669,Puor,60;,;,24;,;,;,;,;,;,;,;,;,;,;,;,;,;,;,;,;,;,;,;,;
22670,Tubungwalang,0;,20;,10;,0;,10;,0;,0;,100000;,0;,0;,0;,0;,0;,0;,0;,0;,50000;,50000;,50000;,50000;,0;,0;,;
22673,Tubungwalang,0;,0;,200;,200;,50;,0;,0;,0;,0;,0;,0;,0;,0;,0;,0;,0;,0;,0;,0;,0;,0;,0;,0;
22674,Tubungwalang,;,;,84;,;,;,;,;,;,;,;,;,;,;,;,;,132000;,;,;,;,;,;,;,;
22676,Tubungwalang,5;,0;,0;,0;,0;,0;,0;,0;,0;,0;,0;,0;,0;,0;,0;,0;,0;,0;,0;,0;,0;,2;,;
22677,Tubungwalang,100;,10;,50;,0;,0;,0;,0;,0;,0;,0;,0;,100000;,0;,0;,0;,20000;,20000;,20000;,20000;,20000;,0;,0;,;
22678,Tubungwalang,15;,;,15;,15;,;,;,;,120000;,40000;,60000;,100000;,40000;,45000;,;,;,;,;,;,;,;,;,;,;
22679,Tubungwalang,0;,;,;,;,;,0;,0;,;,;,;,;,;,0;,;,;,0;,0;,;,0;,0;,;,0;,0;
22680,Kalikur,,,,,,,,,,,,,,,,,,,,,,,
22681,Pada,;,50;,20;,20;,0;,0;,;,;,;,;,;,;,;,;,;,;,;,;,;,;,;,;,;
22682,Kalikur,0;,0;,50;,0;,0;,0;,0;,0;,0;,0;,0;,0;,0;,0;,0;,0;,0;,0;,0;,0;,0;,0;,0;
22683,Tubungwalang,0;,0;,8;,8;,2;,0;,0;,150000;,100000;,250000;,0;,180000;,0;,0;,0;,0;,0;,0;,0;,0;,0;,0;,;
22687,Kalikur,0;,0;,50;,0;,0;,0;,0;,0;,0;,0;,50000;,0;,0;,0;,0;,0;,0;,0;,0;,0;,0;,0;,30000;
22688,Kalikur,0;,0;,280;,0;,0;,00;,;,0;,0;,0;,0;,0;,0;,0;,0;,0;,0;,0;,0;,0;,0;,0;,0;
22690,Pada,,,,,,,,,,,,,,,,,,,,,,,
22692,Nubamado,60;,20;,50;,0;,0;,0;,0;,0;,0;,0;,0;,0;,0;,0;,0;,0;,0;,30000;,0;,0;,0;,0;,;
22693,Pada,0;,0;,0;,0;,0;,0;,0;,0;,0;,0;,0;,200.000;,00;,0;,0;,0;,0;,0;,0;,0;,0;,0;,;
22694,Muruona,0;,60;,0;,40;,0;,0;,0;,0;,0;,0;,0;,0;,0;,0;,0;,0;,0;,0;,0;,0;,60000;,0;,0;
22695,Muruona,0;,20;,0;,0;,0;,0;,0;,0;,0;,0;,0;,0;,0;,0;,0;,0;,0;,0;,0;,0;,0;,0;,0;
22696,Paubokol,1500;,0;,0;,0;,0;,0;,0;,0;,0;,0;,0;,0;,0;,0;,0;,0;,0;,0;,0;,0;,0;,0;,0;
22697,Muruona,0;,60;,40;,40;,0;,0;,0;,0;,0;,0;,0;,0;,0;,0;,0;,0;,0;,0;,0;,0;,0;,0;,0;
22698,Paubokol,200;,400;,60;,0;,0;,0;,0;,0;,0;,0;,0;,0;,0;,0;,0;,0;,0;,0;,0;,0;,0;,0;,0;
22700,Puor,10;,13;,10;,10;,0;,0;,0;,0;,0;,0;,0;,30000;,0;,;,30000;,60000;,60000;,60000;,60000;,60000;,0;,0;,0;
22701,Pada,,,,,,,,,,,,,,,,,,,,,,,
22702,Pada,,,,,,,,,,,,,,,,,,,,,,,
22703,Muruona,0;,20;,0;,0;,0;,0;,0;,0;,0;,0;,300000;,0;,0;,0;,0;,0;,0;,0;,120000;,60000;,10000;,0;,0;
22704,Puor,80;,144;,36;,36;,;,;,;,;,;,;,;,;,;,;,;,;,;,;,;,;,;,;,;
22705,Kalikur,,,,,,,,,,,,,,,,,,,,,,,
22706,Kalikur,0; 0;,0; 0;,350; 15;,150; 0;,0; 0;,0; 0;,0; 0;,150000; 300000;,0; 0;,200000; 0;,0; 0;,0; 0;,0; 0;,0; 0;,0; 0;,0; 0;,0; 0;,0; 0;,0; 0;,0; 0;,0; 0;,0; 0;,0; 0;
22707,Muruona,0;,0;,0;,0;,0;,0;,0;,0;,0;,0;,5040000;,;,0;,0;,0;,0;,0;,0;,240000;,0;,0;,0;,0;
22708,Pada,0;,0;,20;,0;,0;,0;,0;,0;,0;,0;,0;,0;,0;,0;,0;,0;,0;,0;,0;,0;,0;,0;,0;
22709,Paubokol,1500;,0;,0;,0;,0;,0;,0;,0;,0;,0;,0;,0;,0;,0;,0;,0;,0;,0;,0;,0;,0;,0;,0;
22710,Pada,0;,1;,;,0;,0;,0;,0;,0;,0;,0;,0;,0;,0;,0;,0;,0;,0;,0;,0;,0;,0;,0;,;
22711,Hoelea I,0;,0;,5;,0;,0;,0;,0;,0;,0;,0;,0;,0;,0;,0;,0;,0;,0;,0;,0;,0;,0;,0;,0;
22712,Muruona,0;,80;,0;,0;,0;,0;,0;,0;,0;,0;,0;,0;,0;,0;,0;,0;,0;,0;,0;,0;,0;,0;,0;
22713,Kalikur,0;,0;,20;,0;,0;,0;,0;,0;,0;,0;,0;,0;,0;,0;,0;,0;,0;,0;,0;,0;,0;,0;,0;
22714,Lamatuka,100;,;,0;,100;,0;,0;,0;,300000;,0;,0;,0;,0;,0;,0;,0;,0;,400000;,0;,21000;,0;,0;,0;,-;
22715,Paubokol,0;,0;,0;,0;,0;,0;,0;,0;,0;,0;,0;,0;,0;,0;,0;,0;,0;,0;,0;,0;,0;,0;,0;
22716,Muruona,0;,0;,0;,0;,0;,0;,0;,0;,0;,0;,1375000;,0;,0;,0;,0;,0;,0;,0;,0;,0;,0;,0;,0;
22717,Hoelea I,0;,0;,5;,0;,0;,0;,0;,0;,0;,0;,0;,0;,36000;,0;,0;,0;,10000;,10000;,5000;,10000;,30000;,0;,0;
22718,Kalikur,;,6;,200;,0;,0;,0;,0;,0;,0;,0;,0;,0;,0;,0;,0;,0;,0;,0;,0;,0;,0;,0;,0;
22719,Paubokol,500;,300;,30;,0;,0;,0;,0;,0;,0;,0;,0;,0;,0;,0;,0;,0;,0;,0;,0;,0;,0;,0;,0;
22720,Hoelea I,0;,0;,7;,0;,0;,0;,0;,0;,0;,0;,0;,0;,0;,0;,10000;,0;,10000;,10000;,5000;,10000;,0;,0;,0;
22721,Paubokol,320;,200;,80;,0;,0;,0;,0;,0;,0;,0;,0;,0;,0;,0;,0;,0;,0;,0;,0;,0;,0;,0;,0;
22723,Bour,0;,20;,0;,0;,0;,0;,0;,600000;,0;,50000;,0;,0;,0;,0;,0;,0;,0;,0;,0;,0;,0;,200000;,0;
22724,Bour,50;,25;,50;,50;,0;,0;,0;,50000;,50000;,20000;,0;,20000;,10000;,10000;,25000;,0;,15000;,0;,5000;,0;,0;,0;,0;
22725,Bour,50;,25;,50;,50;,0;,0;,0;,50000;,50000;,20000;,0;,20000;,10000;,10000;,25000;,0;,0;,0;,0;,0;,0;,0;,0;
22726,Bour,80;,1;,0;,0;,0;,0;,0;,0;,0;,0;,0;,0;,0;,0;,12500;,0;,0;,0;,0;,0;,0;,0;,0;
22727,Hoelea I,0;,0;,7;,0;,0;,0;,0;,0;,0;,0;,0;,50000;,0;,0;,0;,0;,10000;,10000;,10000;,10000;,0;,0;,0;
22728,Bour,50;,15;,2;,0;,0;,0;,0;,0;,0;,0;,100000;,0;,100000;,0;,35000;,0;,5000;,0;,5000;,10000;,0;,0;,;
22730,Hoelea I,0;,0;,3;,0;,0;,0;,0;,0;,0;,0;,0;,0;,0;,0;,0;,0;,0;,0;,0;,0;,0;,110000;,0;
22731,Tubungwalang,10;,5;,50;,10;,8;,;,;,;,;,;,85000;,10000;,6000;,;,;,20000;,5000;,;,5000;,5000;,;,20000;,;
22732,Puor,100;,50;,30;,30;,;,;,;,;,;,;,;,;,;,100000;,300000;,100000;,20000;,30000;,30000;,30000;,20000;,;,;
22734,Muruona,0;,1000;,8000;,4000;,0;,0;,0;,0;,0;,0;,400000;,0;,0;,0;,0;,0;,100000;,0;,50000;,0;,0;,0;,0;
22735,Puor,0;,5;,0;,5;,0;,0;,0;,;,;,;,;,;,;,;,300000;,120000;,120000;,120000;,120000;,120000;,20000;,20000;,;
22736,Muruona,0;,40;,100;,20;,0;,0;,0;,600000;,0;,0;,0;,0;,0;,0;,0;,0;,0;,0;,0;,100000;,0;,0;,0;
22737,Puor,;,120;,120;,;,;,;,;,;,;,;,;,;,;,;,;,600000;,;,;,;,;,;,;,;
22738,Puor,360;,60;,36;,25;,0;,0;,0;,0;,240000;,0;,0;,0;,150000;,50000;,80000;,20000;,20000;,20000;,20000;,20000;,10000;,0;,120000;
22739,Paubokol,0;,0;,0;,0;,0;,0;,0;,0;,0;,0;,0;,0;,0;,0;,0;,0;,0;,0;,0;,0;,0;,0;,0;
22740,Kalikur,,,,,,,,,,,,,,,,,,,,,,,
22741,Kalikur,;,10;,80;,0;,5;,0;,0;,0;,0;,0;,0;,0;,0;,0;,0;,0;,0;,0;,0;,0;,0;,0;,45000;
22742,Kalikur,0;,0;,600;,0;,0;,0;,0;,0;,0;,0;,0;,0;,0;,0;,0;,0;,0;,0;,0;,0;,0;,0;,50000;
22743,Kalikur,;,10;,40;,;,;,;,;,;,;,;,;,;,;,;,;,;,;,;,;,;,;,;,;
22744,Kalikur,0;,0;,200;,0;,0;,0;,0;,0;,0;,0;,0;,0;,0;,0;,0;,0;,0;,0;,0;,0;,0;,0;,50000;
22745,Paubokol,500;,200;,200;,0;,0;,0;,0;,0;,0;,0;,0;,0;,0;,0;,0;,0;,0;,0;,0;,0;,0;,0;,0;
22746,Riangbao,;,;,100;,;,;,;,;,;,;,;,;,;,;,;,;,;,;,;,;,;,;,;,;
22747,Kalikur,;,0;,80;,0;,;,;,;,;,;,;,500000;,;,;,;,;,;,;,;,;,;,;,;,;
22748,Kalikur,0;,0;,200;,0;,0;,0;,0;,0;,0;,0;,0;,0;,0;,0;,0;,0;,0;,0;,0;,0;,0;,0;,50000;
22749,Bour,0;,0;,0;,0;,0;,0;,0;,0;,0;,0;,0;,0;,0;,0;,40000;,0;,10000;,0;,5000;,0;,25000;,0;,0;
22751,Kalikur,,,,,,,,,,,,,,,,,,,,,,,
22752,Kalikur,0;,0;,70;,0;,0;,0;,0;,0;,0;,0;,0;,50000;,0;,0;,0;,0;,0;,0;,0;,0;,0;,0;,30000;
22753,Riangbao,,,,,,,,,,,,,,,,,,,,,,,
22754,Lolong,0;,3;,10;,0;,2;,0;,0;,0;,0;,0;,0;,0;,0;,0;,10000;,10000;,0;,0;,0;,0;,0;,0;,;
22755,Tubuk Rajan,30;,12;,20;,;,12;,;,;,;,;,;,120000;,;,;,;,40000;,;,20000;,20000;,20000;,;,;,;,;
22756,Lolong,15;,4;,10;,0;,2;,0;,0;,0;,0;,0;,0;,0;,0;,5000;,0;,5000;,2000;,0;,0;,5000;,0;,0;,0;
22757,Lolong,20;,2;,5;,0;,0;,0;,0;,2;,0;,1;,0;,0;,20000;,0;,0;,6000;,10000;,10000;,50000;,10000;,7500;,0;,0;
22758,Pada,0;,0;,0;,0;,0;,0;,0;,0;,0;,0;,0;,0;,0;,0;,0;,0;,0;,0;,0;,0;,0;,0;,;
22759,Lolong,0;,1;,0.5;,0;,0.5;,0;,0;,0;,0;,15000;,0;,0;,15000;,0;,0;,0;,10000;,0;,0;,0;,0;,0;,0;
22760,Pada,,,,,,,,,,,,,,,,,,,,,,,
22761,Lolong,0;,0;,15;,0;,2;,0;,0;,0;,0;,0;,0;,0;,0;,0;,0;,0;,0;,0;,0;,0;,0;,;,;
22762,Puor,20;,0;,0;,0;,0;,0;,0;,0;,0;,0;,0;,0;,0;,0;,50000;,20000;,20000;,20000;,20000;,20000;,10000;,0;,0;
22763,Pada,0;,20;,0;,0;,0;,0;,0;,0;,0;,0;,0;,0;,0;,0;,0;,0;,0;,0;,10000;,0;,0;,0;,;
22764,Lamatuka,150;,80;,100;,150;,0;,0;,0;,0;,0;,0;,250000;,0;,0;,0;,0;,0;,0;,0;,0;,0;,0;,0;,0;
22765,Riangbao,,,,,,,,,,,,,,,,,,,,,,,
22766,Puor,,,,,,,,,,,,,,,,,,,,,,,
22768,Tubungwalang,200;,0;,0;,0;,0;,0;,0;,0;,0;,0;,0;,0;,0;,0;,0;,120000;,0;,0;,0;,0;,0;,0;,0;
22770,Lamatuka,50;,30;,60;,0;,0;,0;,0;,96000;,0;,30000;,500000;,0;,0;,0;,0;,0;,72000;,0;,72000;,0;,0;,0;,0;
22773,Lolong,3;,0;,8;,0;,0;,0;,0;,0;,0;,0;,0;,0;,0;,0;,0;,20000;,20000;,0;,10000;,10000;,200000;,0;,0;
22774,Tubungwalang,;,0;,0;,25;,;,;,;,;,;,;,;,;,;,;,;,0;,0;,;,0;,0;,;,;,;
22775,Tubungwalang,0;,15;,180;,0;,15;,0;,0;,0;,0;,0;,0;,100000;,0;,100000;,100000;,0;,50000;,50000;,50000;,50000;,0;,0;,;
22776,Tubungwalang,0;,0;,0;,0;,0;,0;,0;,1080000;,720000;,360000;,0;,0;,900000;,120000;,180000;,0;,120000;,120000;,120000;,120000;,180000;,0;,180000;
22777,Lolong,10;,1;,1;,0;,0;,0;,0;,0;,0;,0;,75000;,0;,0;,0;,0;,10000;,10000;,0;,0;,0;,0;,0;,0;
22778,Lolong,0;,10;,5;,0;,0;,0;,0;,0;,0;,0;,0;,18000;,0;,40000;,0;,10000;,20000;,20000;,0;,10000;,15000;,0;,0;
22781,Lolong,0;,4;,0;,0;,2;,0;,0;,5000;,0;,10000;,0;,0;,0;,0;,0;,0;,0;,0;,0;,0;,0;,0;,0;
22782,Lolong,,,,,,,,,,,,,,,,,,,,,,,
22783,Tubuk Rajan,40;,12;,;,;,;,;,;,;,;,;,;,;,;,;,;,;,;,;,;,;,;,;,;
22784,Lolong,20;,0;,10;,0;,0;,0;,0;,0;,0;,0;,100000;,0;,0;,0;,0;,0;,0;,0;,0;,0;,0;,0;,0;
22785,Tubungwalang,,,,,,,,,,,,,,,,,,,,,,,
22787,Lamatuka,0;,50;,0;,0;,0;,0;,0;,0;,0;,0;,0;,0;,0;,0;,0;,0;,0;,0;,0;,0;,0;,0;,0;
22788,Lolong,0;,0;,0;,0;,0;,0;,0;,0;,0;,0;,0;,0;,;,0;,0;,0;,0;,0;,0;,0;,0;,0;,0;
22789,Lolong,10;,3;,5;,0;,0;,0;,0;,0;,0;,0;,0;,0;,0;,10000;,10000;,0;,0;,0;,0;,0;,7500;,0;,0;
22790,Lolong,10;,5;,5;,0;,0;,0;,0;,0;,0;,0;,0;,22000;,0;,40000;,0;,36000;,60000;,60000;,300000;,60000;,0;,0;,0;
22791,Lolong,0;,1;,0;,0;,0;,0;,0;,0;,0;,0;,0;,0;,0;,20000;,0;,0;,5000;,0;,2000;,0;,0;,0;,0;
22792,Lamatuka,50;,300;,250;,0;,0;,0;,0;,0;,0;,0;,170000;,0;,0;,0;,0;,240000;,240000;,240000;,240000;,240000;,0;,0;,-;
22793,Bour,0;,3;,10;,10;,0;,0;,0;,0;,0;,0;,60000;,0;,0;,0;,10000;,0;,0;,0;,0;,10000;,0;,0;,0;
22794,Bour,0;,10;,2;,0;,10;,0;,0;,0;,0;,0;,0;,0;,0;,0;,0;,0;,15000;,0;,15000;,0;,0;,0;,0;
22795,Lolong,0;,3;,10;,0;,0;,0;,0;,0;,0;,0;,0;,0;,0;,40000;,20000;,12000;,20000;,20000;,10000;,20000;,10000;,0;,0;
22796,Lolong,0;,5;,0;,0;,0;,0;,0;,0;,0;,0;,0;,0;,0;,40000;,0;,0;,0;,0;,0;,0;,0;,0;,0;
22797,Lolong,20;,20;,20;,0;,0;,0;,0;,0;,0;,0;,0;,0;,0;,0;,0;,17000;,0;,0;,0;,0;,0;,0;,0;
22798,Lolong,5;,30;,10;,0;,0;,0;,0;,160000;,0;,65000;,150000;,0;,0;,0;,2000;,0;,2000;,0;,10.000;,2000;,2000;,0;,0;
22799,Tubuk Rajan,,,,,,,,,,,,,,,,,,,,,,,
22800,Kalikur,,,,,,,,,,,,,,,,,,,,,,,
22801,Kalikur,0;,0;,0;,0;,0;,0;,0;,60000;,0;,0;,0;,0;,0;,0;,0;,0;,0;,0;,0;,0;,0;,0;,0;
22802,Lolong,0;,5;,15;,0;,0;,0;,0;,0;,0;,0;,0;,0;,0;,40000;,40000;,0;,100000;,100000;,0;,20000;,45000;,0;,0;
22803,Lolong,5kg;,0;,2;,0;,0;,0;,0;,300000;,0;,0;,0;,0;,0;,0;,25000;,0;,15000;,0;,50000;,0;,0;,0;,0;
22804,Labalimut,0;,2;,2;,3;,0;,0;,0;,0;,0;,0;,0;,0;,0;,0;,0;,0;,0;,0;,0;,0;,0;,0;,0;
22805,PADA,0; ;,0; ;,0; ;,0; ;,0; ;,0; ;,0; ;,20000; ;,0; ;,0; ;,0; ;,0; ;,0; ;,0; ;,0; ;,0; ;,0; ;,0; ;,0; ;,0; ;,0; ;,0; ;,; ;
22806,Lolong,0;,3;,2;,0;,0;,0;,0;,0;,2;,0;,0;,0;,0;,320000;,;,;,60000;,60000;,60000;,0;,0;,0;,0;
22807,Kalikur,,,,,,,,,,,,,,,,,,,,,,,
22808,Lolong,0;,10;,5;,0;,0;,0;,0;,0;,0;,0;,0;,0;,0;,40000;,0;,0;,0;,0;,0;,0;,0;,0;,0;
22809,Lolong,2;,1;,3;,0;,0;,0;,0;,0;,0;,0;,0;,0;,0;,0;,0;,0;,0;,0;,0;,0;,0;,0;,0;
22810,Puor,120;,60;,20;,20;,0;,0;,0;,0;,240000;,0;,0;,0;,0;,80000;,100000;,30000;,30000;,30000;,30000;,30000;,20000;,0;,0;
22812,Kalikur,,,,,,,,,,,,,,,,,,,,,,,
22813,Bour,,,,,,,,,,,,,,,,,,,,,,,
22814,Bour,0;,0;,0;,0;,0;,0;,0;,0;,0;,0;,0;,0;,0;,0;,0;,0;,0;,0;,0;,0;,0;,0;,0;
22815,Nubamado,100;,0;,15;,0;,0;,0;,0;,0;,0;,270000;,1200000;,0;,0;,0;,120000;,0;,120000;,60000;,120000;,120000;,0;,0;,0;
22816,Lolong,20;,5;,5;,0;,0;,0;,0;,30000;,0;,0;,0;,0;,0;,0;,20000;,0;,5000;,5000;,5000;,5000;,0;,0;,0;
22817,Kalikur,,,,,,,,,,,,,,,,,,,,,,,
22818,Lolong,0;,0.5;,0.5;,0;,0.5;,0;,0;,10000;,0;,0;,0;,0;,0;,0;,0;,3000;,10000;,5000;,50000;,5000;,0;,0;,0;
22819,Lolong,5;,2;,10;,0;,0;,0;,0;,0;,0;,0;,0;,0;,0;,0;,0;,0;,0;,0;,0;,0;,0;,0;,0;
22821,Merdeka,;,;,7;,;,2;,;,;,;,;,;,;,;,;,;,;,;,;,;,;,;,;,10000;,;
22822,Kalikur,,,,,,,,,,,,,,,,,,,,,,,
22823,Pada,0;,0;,0;,0;,0;,0;,0;,0;,0;,0;,0;,0;,0;,0;,0;,0;,0;,0;,0;,0;,0;,0;,;
22824,Lolong,0;,2;,5;,0;,0;,0;,0;,0;,0;,0;,0;,0;,0;,40000;,0;,6000;,10000;,10000;,0;,0;,15000;,0;,0;
22825,Bour,15;,0;,0;,0;,0;,0;,0;,0;,0;,0;,0;,0;,0;,0;,0;,0;,5000;,0;,5000;,2000;,0;,0;,0;
22826,Pada,0;,3;,1;,0;,0;,0;,0;,20000;,0;,0;,0;,0;,0;,0;,0;,0;,;,0;,;,0;,0;,0;,;
22827,Kalikur,,,,,,,,,,,,,,,,,,,,,,,
22828,Bour,0;,0;,0;,0;,0;,0;,;,0;,0;,0;,0;,0;,0;,0;,0;,0;,0;,0;,0;,0;,0;,0;,0;
22829,Lolong,0;,0;,0;,0;,0;,0;,0;,0;,0;,0;,0;,0;,0;,0;,90000;,0;,4000;,10000;,5000;,0;,0;,0;,0;
22830,Kalikur,0;,0;,30;,0;,0;,0;,0;,0;,0;,0;,0;,0;,0;,0;,0;,0;,0;,0;,0;,0;,0;,0;,50000;
22831,Dulitukan,;,;,;,50;,;,;,;,;,;,;,;,50;,;,;,;,;,;,;,;,;,;,;,;
22832,Dulitukan,;,;,6.25;,6.25;,;,;,;,;,;,;,;,75000;,;,;,;,;,;,;,;,;,;,;,;
22833,Dulitukan,;,;,0.8;,0.8;,;,;,;,;,;,;,;,95000;,;,;,;,;,;,;,;,;,;,;,;
22834,Bour,0;,5;,5;,5;,0;,0;,0;,0;,0;,0;,0;,0;,0;,60000;,60000;,0;,0;,0;,50000;,0;,0;,0;,0;
22835,Dulitukan,;,;,;,4;,;,;,;,;,;,;,;,158000;,;,;,;,;,;,;,;,;,;,;,;
22836,Tubuk Rajan,,,,,,,,,,,,,,,,,,,,,,,
22837,Lamatuka,75;,0;,20;,0;,0;,0;,0;,0;,0;,0;,0;,0;,0;,0;,0;,0;,0;,0;,0;,0;,0;,0;,-;
22838,Tubuk Rajan,45;,20;,12;,;,;,;,;,;,;,;,;,;,125000;,;,;,;,10000;,10000;,10000;,10000;,;,;,;
22839,Lamatuka,10;,200;,200;,0;,0;,0;,0;,200000;,0;,0;,0;,0;,0;,0;,0;,0;,0;,0;,0;,0;,0;,0;,0;
22840,Dulitukan,;,;,6.25;,1;,;,;,;,150000;,;,;,;,47000;,;,;,;,;,;,;,;,;,;,;,;
22841,Lamatuka,40;,200;,150;,0;,0;,0;,0;,0;,0;,60000;,0;,0;,0;,0;,0;,0;,60000;,0;,30000;,0;,0;,0;,-;
22842,Hoelea I,0;,0;,5;,0;,0;,0;,0;,0;,0;,0;,0;,0;,0;,0;,0;,0;,10000;,10000;,10000;,10000;,0;,0;,0;
22844,Dulitukan,;,;,;,1.3;,;,;,;,;,;,;,;,233000;,;,;,;,;,;,;,;,;,;,;,;
22845,Tubuk Rajan,30;,8;,7;,;,4;,;,;,;,;,;,;,;,;,;,20000;,;,5000;,5000;,5000;,5000;,;,;,;
22846,Lamatuka,100;,500;,220;,60;,5;,0;,0;,0;,0;,400000;,0;,0;,0;,0;,0;,0;,0;,0;,0;,0;,0;,0;,0;
22847,Hoelea I,0;,0;,3;,0;,0;,0;,0;,0;,0;,0;,0;,0;,0;,0;,0;,0;,0;,0;,0;,0;,0;,0;,0;
22848,Hoelea I,0;,0;,7;,0;,0;,0;,0;,0;,0;,0;,0;,0;,0;,0;,0;,0;,0;,0;,0;,0;,0;,0;,0;
22850,Hoelea I,0;,0;,7;,0;,0;,0;,0;,0;,0;,0;,0;,0;,0;,0;,0;,0;,0;,0;,0;,0;,0;,0;,0;
22851,Hoelea I,0;,0;,10;,0;,0;,0;,0;,0;,0;,0;,0;,0;,0;,0;,0;,0;,0;,0;,0;,0;,0;,0;,0;
22852,Hoelea I,0;,0;,0;,0;,0;,0;,0;,150000;,0;,0;,0;,0;,0;,0;,0;,0;,0;,0;,0;,0;,0;,0;,0;
22853,Hoelea I,0;,0;,5;,0;,0;,0;,0;,0;,0;,0;,0;,0;,0;,0;,0;,0;,10000;,10000;,5000;,10000;,0;,0;,0;
22854,Hoelea I,0;,0;,4;,0;,0;,0;,0;,0;,0;,0;,0;,0;,10000;,0;,0;,0;,10000;,10000;,5000;,10000;,0;,0;,0;
22855,Hoelea I,0;,0;,10;,0;,0;,0;,0;,0;,0;,0;,0;,0;,0;,0;,0;,0;,10000;,10000;,5000;,10000;,0;,0;,0;
22856,Hoelea I,0;,0;,7;,0;,0;,0;,0;,0;,0;,0;,0;,0;,0;,0;,20000;,0;,10000;,10000;,5000;,10000;,0;,0;,0;
22857,Hoelea I,0;,1;,5;,0;,0;,0;,0;,0;,0;,0;,0;,0;,0;,0;,0;,0;,10000;,10000;,5000;,10000;,0;,0;,0;
22858,Hoelea I,0;,0;,7;,0;,0;,0;,0;,0;,0;,0;,0;,50000;,0;,0;,0;,0;,0;,0;,0;,0;,0;,0;,0;
22859,Hoelea I,0;,3;,5;,0;,3;,0;,0;,0;,0;,0;,0;,0;,0;,0;,0;,0;,10000;,0;,0;,0;,0;,0;,0;
22860,Hoelea I,0;,0;,15;,0;,0;,0;,0;,0;,0;,0;,0;,0;,0;,0;,0;,0;,0;,0;,0;,0;,0;,0;,0;
22861,Hoelea I,0;,0;,15;,0;,3;,0;,0;,0;,0;,0;,0;,0;,0;,0;,0;,0;,10000;,10000;,10000;,10000;,0;,0;,0;
22862,Hoelea I,0;,0;,7;,0;,0;,0;,0;,0;,0;,0;,0;,0;,0;,0;,0;,0;,0;,0;,0;,0;,0;,0;,0;
22863,Hoelea I,0;,0;,0;,0;,0;,0;,0;,0;,0;,0;,0;,0;,0;,0;,0;,0;,0;,0;,0;,0;,0;,0;,0;
22864,Pada,,,,,,,,,,,,,,,,,,,,,,,
22865,Puor,80;,60;,30;,30;,0;,0;,0;,0;,0;,0;,0;,0;,0;,100000;,250000;,30000;,30000;,30000;,30000;,30000;,20000;,0;,0;
22866,Puor,0;,10;,30;,30;,0;,0;,0;,0;,0;,0;,0;,0;,0;,0;,50000;,20000;,20000;,20000;,20000;,20000;,20000;,0;,60000;
22867,Puor,,,,,,,,,,,,,,,,,,,,,,,
22868,Puor,5;,5;,10;,;,;,;,;,;,;,;,900000;,;,;,;,;,;,;,;,;,;,;,;,;
22869,Puor,;,200;,100;,;,;,;,;,600000;,600000;,240000;,;,240000;,;,20000;,20000;,200000;,50000;,;,;,;,;,;,;
22871,Muruona,0;,0;,20;,20;,20;,0;,0;,0;,0;,0;,0;,0;,0;,0;,0;,0;,0;,0;,0;,0;,0;,0;,0;
22872,Muruona,0;,20;,0;,0;,0;,0;,0;,0;,0;,0;,575000;,0;,0;,0;,0;,0;,120000;,0;,120000;,0;,0;,0;,0;
22876,Muruona,0;,0;,50;,30;,0;,0;,0;,0;,0;,0;,0;,0;,0;,0;,0;,0;,0;,0;,0;,0;,0;,0;,0;
22887,Benihading,0;,0;,0;,3;,0;,0;,0;,0;,0;,0;,134000;,0;,0;,0;,0;,17000;,0;,0;,0;,0;,0;,0;,0;
22892,Benihading,0;,0;,4;,0;,2;,0;,0;,0;,0;,20000;,0;,0;,0;,0;,0;,0;,0;,0;,0;,0;,0;,0;,0;
22893,Benihading,0;,1;,8.3;,8.3;,0;,0;,0;,0;,0;,5000;,75000;,0;,0;,0;,0;,0;,0;,0;,0;,0;,0;,0;,0;
22909,Muruona,0;,60;,5;,200;,0;,0;,0;,0;,0;,0;,375000;,0;,0;,0;,0;,0;,0;,0;,0;,0;,0;,0;,0;
22910,Bour,0;,0;,0;,0;,0;,0;,0;,100000;,0;,0;,0;,0;,40000;,0;,0;,0;,0;,0;,0;,0;,0;,0;,0;
22911,Mahal,0; 0;,1; 1;,10; 10;,0; 0;,0; 0;,0; 0;,0; 0;,0; 0;,0; 0;,0; 0;,0; 0;,0; 0;,0; 0;,5000; 3000;,5000; 3000;,1500; 1500;,1500; 1500;,1000; 1000;,1000; 1000;,1000; 1000;,1000; 1000;,0; 0;,0; 0;
22912,Benihading,4;,1;,4;,4;,0;,0;,0;,0;,0;,0;,75000;,0;,0;,100000;,0;,100000;,0;,0;,0;,0;,0;,0;,0;
22913,Bour,,,,,,,,,,,,,,,,,,,,,,,
22919,Bour,0;,1;,0;,0;,0;,0;,0;,0;,0;,0;,0;,0;,0;,0;,0;,0;,0;,0;,0;,0;,0;,0;,0;
22920,Mahal,0;,0;,50;,0;,0;,0;,0;,0;,0;,0;,0;,0;,0;,0;,0;,0;,5000;,5000;,5000;,10000;,3000;,0;,10000;
22926,Bour,0;,0;,0;,0;,0;,0;,0;,25000;,0;,0;,0;,0;,0;,0;,0;,0;,0;,0;,0;,0;,0;,0;,0;
22943,Benihading,12;,4;,20;,0;,0;,0;,0;,0;,0;,0;,0;,0;,0;,0;,30000;,30000;,15000;,0;,0;,0;,0;,0;,0;
22944,Bour,0;,9;,0;,0;,0;,0;,0;,30000;,0;,0;,0;,0;,0;,0;,0;,0;,0;,0;,3000;,0;,0;,0;,0;
22953,Benihading,10;,1;,10;,0;,1;,0;,0;,0;,0;,0;,0;,0;,75000;,10000;,0;,0;,0;,20000;,0;,0;,0;,0;,0;
22962,Puor,20;,60;,;,120;,;,;,;,;,;,;,;,;,;,120000;,120000;,;,60000;,;,;,;,;,;,;
22963,Benihading,10;,0;,10;,0;,5;,0;,0;,0;,0;,25000;,90000;,0;,00;,0;,0;,0;,5000;,5000;,0;,0;,10000;,0;,0;
22964,Benihading,0;,0;,7;,7;,0;,0;,0;,0;,0;,40000;,70000;,0;,0;,0;,0;,0;,0;,0;,0;,0;,0;,0;,0;
22970,Bour,0;,0;,0;,0;,0;,0;,0;,0;,0;,0;,0;,0;,0;,0;,0;,0;,0;,0;,0;,0;,0;,0;,0;
22983,Benihading,20;,0;,0;,4;,0;,0;,0;,0;,0;,0;,0;,0;,0;,0;,0;,0;,0;,0;,0;,0;,0;,0;,0;
22997,Ile Kimok,20;,2;,5;,0;,0;,0;,0;,100000;,20000;,15000;,0;,0;,0;,0;,25000;,0;,5000;,5000;,5000;,5000;,5000;,0;,0;
23017,Mahal,0;,0;,10;,0;,0;,0;,0;,0;,0;,0;,0;,0;,0;,0;,0;,0;,20000;,20000;,10000;,0;,0;,0;,0;
23048,Mahal,0;,0;,5;,0;,2;,0;,0;,0;,0;,0;,0;,0;,0;,0;,5000;,0;,1000;,1000;,1000;,1000;,0;,0;,0;
23058,Ile Kimok,30;,5;,10;,0;,5;,0;,0;,80000;,100000;,20000;,0;,20000;,0;,0;,0;,0;,0;,0;,0;,0;,0;,0;,0;
23087,Riangbao,3;,;,20;,;,;,;,;,;,;,;,3000;,;,;,;,;,;,5000;,;,5000;,;,;,;,;
23088,Benihading,0;,0;,4;,0;,0;,0;,0;,0;,0;,0;,41666;,0;,0;,0;,0;,0;,0;,0;,0;,0;,0;,0;,0;
23089,Benihading,1;,1;,2;,2;,0;,0;,0;,0;,0;,0;,0;,0;,0;,0;,0;,0;,0;,0;,0;,0;,0;,0;,0;
23090,Benihading,0;,0;,2;,2;,0;,0;,0;,0;,0;,0;,0;,0;,0;,0;,0;,0;,0;,0;,0;,0;,0;,0;,0;
23091,Benihading,2;,0;,1;,0;,2;,0;,0;,0;,0;,20000;,0;,0;,0;,0;,0;,0;,0;,0;,0;,0;,0;,0;,0;
23100,Benihading,20;,1;,10;,0;,0;,0;,0;,0;,0;,10000;,75000;,0;,45000;,10000;,0;,10000;,0;,0;,0;,0;,0;,0;,0;
23111,Benihading,0;,0;,0;,2;,2;,0;,0;,0;,0;,0;,0;,0;,0;,0;,0;,0;,0;,0;,0;,0;,0;,0;,0;
23112,Benihading,0;,0;,0;,8;,2;,0;,0;,0;,0;,0;,0;,0;,0;,0;,0;,0;,0;,0;,0;,0;,0;,0;,0;
23113,Benihading,40;,1;,5;,0;,0;,0;,0;,0;,0;,0;,75000;,0;,45000;,0;,0;,10000;,0;,0;,0;,0;,0;,0;,0;
23114,Benihading,0;,2;,0;,10;,0;,0;,0;,0;,0;,0;,0;,0;,0;,0;,0;,0;,0;,0;,0;,0;,0;,0;,0;
23118,Ile Kimok,40;,8;,5;,0;,3;,0;,0;,300000;,80000;,0;,0;,20000;,0;,0;,25000;,0;,5000;,5000;,5000;,5000;,5000;,0;,0;
23122,Ile Kimok,4;,0;,0;,0;,0;,0;,0;,0;,0;,0;,0;,0;,0;,0;,0;,0;,0;,0;,0;,0;,0;,0;,0;
23141,Benihading,0;,2;,7;,7;,1;,0;,0;,0;,0;,40000;,0;,0;,0;,0;,0;,0;,0;,0;,0;,0;,0;,0;,1;
23143,Benihading,0;,1;,0;,4;,0;,0;,0;,0;,0;,0;,0;,0;,0;,0;,0;,0;,0;,0;,0;,0;,0;,0;,0;
23145,Ile Kimok,30;,10;,3;,0;,1;,0;,0;,200000;,80000;,35000;,0;,10000;,0;,0;,10000;,0;,5000;,5000;,5000;,5000;,5000;,0;,0;
23146,Ile Kimok,0;,0;,0;,0;,0;,0;,0;,0;,0;,0;,0;,0;,0;,0;,0;,0;,0;,0;,0;,0;,0;,0;,0;
23152,Puor,10;,;,;,20;,;,;,;,;,;,;,;,;,66000;,100000;,100000;,;,50000;,;,;,;,;,;,;
23156,Wuakerong,0;,12;,240;,0;,6;,4;,0;,0;,0;,216000;,1500000;,0;,60000;,360000;,360000;,25000;,0;,0;,150000;,0;,0;,184000;,0;
23160,Ile Kimok,20;,1;,10;,0;,1;,0;,0;,150000;,50000;,40000;,0;,0;,0;,0;,20000;,0;,0;,0;,0;,0;,0;,0;,0;
23161,Ile Kimok,0;,0;,0;,0;,0;,0;,0;,0;,0;,0;,0;,0;,0;,0;,0;,0;,0;,0;,0;,0;,0;,0;,0;
23164,Benihading,1;,2;,2;,2;,1;,0;,0;,0;,0;,0;,0;,0;,0;,0;,0;,0;,0;,0;,0;,0;,0;,0;,0;
23167,Ile Kimok,0;,0;,0;,0;,0;,0;,0;,0;,0;,0;,0;,0;,0;,0;,0;,0;,0;,0;,0;,0;,0;,0;,;
23168,Bour,0;,0;,0;,0;,0;,0;,0;,0;,0;,0;,0;,0;,0;,0;,0;,0;,0;,0;,0;,0;,0;,0;,0;
23172,Ile Kimok,20;,5;,5;,0;,2;,0;,0;,100000;,100000;,30000;,0;,10000;,0;,0;,5000;,0;,5000;,5000;,5000;,5000;,0;,0;,0;
23174,Benihading,0;,3;,2;,0;,0;,0;,0;,0;,0;,0;,0;,0;,0;,0;,0;,0;,0;,0;,0;,0;,0;,0;,0;
23175,Benihading,0;,1;,4;,0;,1;,0;,0;,0;,0;,0;,0;,0;,0;,0;,0;,0;,0;,0;,0;,0;,0;,0;,0;
23177,Ile Kimok,0;,0;,0;,0;,0;,0;,0;,0;,0;,0;,0;,0;,0;,0;,0;,0;,0;,0;,0;,0;,0;,0;,;
23178,Wuakerong,0;,350;,500;,0;,0;,0;,0;,0;,0;,0;,0;,0;,0;,0;,0;,0;,0;,0;,0;,0;,0;,0;,0;
23181,Muruona,0;,60;,10;,20;,0;,0;,0;,0;,0;,0;,0;,0;,120000;,0;,0;,0;,50000;,50000;,50000;,50000;,50000;,0;,0;
23182,Ile Kimok,40;,3;,5;,0;,2;,0;,0;,300000;,100000;,50000;,0;,10000;,0;,0;,25000;,0;,5000;,5000;,5000;,5000;,5000;,0;,0;
23183,Wuakerong,120;,500;,24;,0;,0;,12;,0;,0;,0;,360000;,900000;,0;,0;,0;,0;,0;,60000;,40000;,150000;,20000;,40000;,0;,0;
23184,Muruona,0;,5;,5;,0;,0;,0;,0;,0;,0;,0;,0;,0;,0;,0;,0;,0;,0;,0;,0;,0;,0;,0;,0;
23186,Tubuk Rajan,7;,;,4;,;,;,;,;,;,;,;,;,;,;,;,;,;,;,;,;,;,;,;,30000;
23187,Ile Kimok,0;,0;,0;,0;,0;,0;,0;,0;,0;,0;,0;,0;,0;,0;,0;,0;,0;,0;,0;,0;,0;,0;,0;
23192,Ile Kimok,0;,0;,0;,0;,0;,0;,0;,0;,0;,0;,0;,0;,0;,0;,0;,0;,0;,0;,0;,0;,0;,0;,0;
23193,Benihading,4.2;,1;,10;,0;,1;,0;,0;,0;,0;,33000;,0;,0;,0;,0;,0;,0;,0;,0;,0;,0;,0;,0;,0;
23198,Muruona,0;,51;,51;,0;,0;,0;,0;,0;,0;,0;,0;,0;,0;,0;,0;,0;,0;,0;,120000;,0;,120000;,0;,0;
23203,Tubungwalang,120;,60;,60;,60;,60;,0;,0;,0;,0;,0;,0;,0;,0;,0;,50000;,50000;,50000;,50000;,50000;,50000;,0;,1000000;,0;
23205,Wuakerong,0;,0;,0;,0;,0;,0;,0;,0;,0;,0;,0;,0;,0;,0;,0;,0;,0;,0;,0;,0;,0;,0;,0;
23207,Watodiri,0;,8;,7;,8;,1;,0;,0;,0;,0;,0;,0;,0;,0;,0;,0;,0;,0;,0;,5000;,5000;,0;,0;,0;
23211,Bour,0;,0;,0;,0;,0;,0;,0;,0;,0;,0;,0;,0;,0;,0;,0;,0;,0;,0;,0;,0;,0;,0;,0;
23212,Muruona,0;,0;,25;,0;,0;,0;,0;,0;,0;,0;,0;,0;,0;,0;,0;,0;,0;,0;,0;,0;,0;,0;,0;
23213,Watodiri,0;,3;,5;,7;,0;,0;,0;,0;,0;,0;,0;,0;,0;,0;,0;,0;,0;,0;,0;,0;,0;,0;,0;
23214,Watodiri,0;,4;,6;,0;,0;,0;,0;,0;,0;,0;,0;,25000;,0;,0;,0;,0;,5000;,40000;,2000;,0;,40000;,0;,0;
23216,Watodiri,0;,8;,3;,3;,0;,0;,0;,0;,0;,0;,0;,0;,0;,0;,0;,0;,0;,0;,0;,0;,0;,0;,0;
23218,Todanara,0;,0;,20;,0;,0;,0;,0;,240000;,100000;,100000;,50000;,0;,0;,0;,0;,0;,0;,0;,0;,0;,0;,0;,0;
23219,Tubungwalang,0;,0;,60;,0;,60;,0;,0;,0;,0;,0;,0;,0;,0;,0;,0;,0;,0;,0;,0;,0;,0;,0;,500000;
23221,Todanara,0;,0;,0;,10;,0;,0;,0;,0;,0;,0;,0;,0;,0;,5000;,5000;,5000;,0;,0;,0;,0;,0;,0;,0;
23222,Wuakerong,0;,40;,20;,20;,0;,0;,0;,0;,0;,0;,0;,0;,0;,0;,0;,0;,0;,0;,0;,0;,0;,0;,0;
23225,Wuakerong,,,,,,,,,,,,,,,,,,,,,,,
23226,Tubungwalang,;,5;,5;,;,4;,;,;,;,;,;,;,;,;,;,;,;,;,;,;,;,;,;,;
23228,Laranwutun,;,1.5;,;,1.5;,;,;,;,;,;,;,;,;,50000;,;,;,;,;,;,;,;,;,;,;
23230,Puor,50;,20;,20;,20;,0;,0;,0;,0;,240000;,0;,0;,0;,0;,40000;,80000;,30000;,30000;,30000;,30000;,30000;,10000;,0;,0;
23231,Wuakerong,,,,,,,,,,,,,,,,,,,,,,,
23232,Laranwutun,;,50;,;,12;,2;,;,;,50000;,15000;,;,50000;,;,;,;,;,;,5000;,5000;,;,;,20000;,;,60000;
23233,Tubungwalang,240;,0;,240;,0;,0;,0;,0;,0;,0;,0;,150000;,100000;,0;,0;,0;,0;,0;,0;,0;,0;,0;,200000;,100000;
23234,Wuakerong,0;,0;,0;,0;,0;,0;,0;,1200000;,696000;,0;,1500000;,0;,90000;,0;,516000;,0;,60000;,60000;,60000;,60000;,0;,0;,0;
23235,Watodiri,0;,2;,3;,0;,0;,0;,0;,0;,0;,0;,0;,0;,0;,0;,0;,0;,0;,0;,0;,0;,0;,0;,0;
23236,Watodiri,0;,3;,4;,0;,0;,0;,0;,0;,0;,0;,0;,0;,0;,10000;,0;,0;,0;,0;,0;,0;,0;,0;,0;
23237,Watodiri,0;,5;,6;,6;,0;,0;,0;,0;,0;,0;,0;,25000;,0;,0;,0;,0;,5000;,0;,0;,5000;,0;,0;,0;
23238,Watodiri,0;,4;,6;,4;,0;,0;,0;,0;,0;,0;,0;,0;,0;,0;,0;,0;,0;,0;,0;,0;,0;,0;,0;
23239,Watodiri,0;,0;,0;,0;,0;,0;,0;,0;,0;,0;,0;,0;,0;,0;,0;,0;,0;,0;,0;,0;,0;,0;,0;
23240,Watodiri,0;,4;,5;,5;,0;,0;,0;,0;,0;,0;,0;,0;,0;,0;,0;,0;,5000;,10000;,5000;,0;,0;,0;,0;
23243,Tubungwalang,,,,,,,,,,,,,,,,,,,,,,,
23244,Watodiri,0;,3;,3;,3;,0;,0;,0;,0;,0;,0;,0;,0;,0;,0;,0;,0;,0;,0;,0;,0;,0;,0;,0;
23245,Watodiri,0;,4;,3;,4;,0;,0;,0;,0;,0;,0;,0;,0;,0;,0;,0;,0;,0;,0;,0;,0;,0;,0;,0;
23246,Watodiri,0;,5;,3;,3;,0;,0;,0;,150000;,0;,0;,0;,0;,0;,0;,0;,0;,0;,0;,0;,0;,0;,0;,0;
23247,Puor,100;,60;,20;,0;,0;,0;,0;,0;,0;,0;,0;,0;,0;,20000;,35000;,20000;,20000;,20000;,20000;,20000;,10000;,0;,0;
23248,Watodiri,0;,0;,2;,0;,0;,0;,0;,0;,0;,0;,0;,0;,0;,0;,0;,0;,0;,0;,0;,0;,0;,0;,0;
23249,Laranwutun,;,600;,;,32;,;,;,;,40000;,;,;,;,;,;,;,;,;,;,;,;,;,;,;,45000;
23250,Watodiri,0;,2;,3;,3;,0;,0;,0;,0;,0;,0;,0;,0;,0;,0;,0;,0;,0;,0;,0;,0;,0;,0;,0;
23251,Watodiri,0;,2;,2;,2;,0;,0;,0;,0;,0;,0;,0;,0;,0;,0;,5000;,0;,0;,0;,5000;,0;,0;,0;,0;
23252,Watodiri,0;,4;,5;,4;,0;,0;,0;,100000;,0;,120000;,0;,0;,310000;,0;,0;,0;,0;,0;,0;,0;,0;,0;,0;
23253,Watodiri,0;,2;,3;,3;,0;,0;,0;,0;,0;,0;,0;,0;,0;,0;,0;,0;,0;,0;,0;,0;,0;,0;,0;
23254,Watodiri,0;,2;,3;,3;,0;,0;,0;,0;,0;,0;,0;,0;,0;,0;,0;,0;,0;,5000;,5000;,0;,0;,0;,0;
23255,Wuakerong,0;,0;,0;,0;,0;,0;,0;,0;,0;,0;,750000;,0;,0;,0;,0;,0;,0;,0;,0;,0;,0;,0;,0;
23256,Watodiri,0;,0;,0;,0;,0;,0;,0;,0;,0;,0;,0;,0;,0;,0;,0;,0;,0;,0;,0;,0;,0;,0;,0;
23257,Watodiri,0;,3;,4;,3;,0;,0;,0;,0;,0;,0;,0;,0;,0;,0;,0;,0;,0;,0;,5000;,0;,5000;,0;,0;
23258,Watodiri,0;,2;,2;,3;,0;,0;,0;,0;,0;,0;,0;,0;,0;,0;,0;,0;,0;,0;,0;,0;,0;,0;,0;
23259,Watodiri,0;,4;,4;,5;,0;,0;,0;,0;,0;,0;,0;,0;,0;,0;,0;,0;,0;,0;,0;,0;,10000;,0;,0;
23261,Watodiri,0;,6;,5;,0;,0;,0;,0;,0;,0;,0;,0;,0;,0;,0;,0;,0;,0;,0;,0;,0;,0;,0;,0;
23262,Watodiri,0;,3;,2;,2;,0;,0;,0;,0;,0;,0;,0;,30000;,0;,0;,0;,0;,0;,0;,0;,0;,0;,0;,0;
23264,Wuakerong,0;,0;,350;,0;,0;,0;,0;,0;,0;,0;,0;,0;,0;,0;,0;,0;,0;,0;,0;,0;,0;,0;,0;
23265,Watodiri,0;,3;,0;,0;,0;,0;,0;,0;,0;,0;,0;,0;,0;,0;,0;,0;,0;,0;,0;,0;,0;,0;,0;
23266,Watodiri,0;,2;,0;,2;,0;,0;,0;,0;,0;,0;,0;,0;,0;,0;,10000;,5000;,5000;,0;,0;,5000;,2000;,0;,0;
23267,Watodiri,0;,4;,0;,0;,0;,0;,0;,0;,0;,0;,0;,0;,0;,0;,0;,0;,0;,0;,0;,0;,0;,0;,0;
23268,Watodiri,0;,3;,3;,0;,0;,0;,0;,0;,0;,0;,0;,0;,0;,0;,0;,0;,5000;,2000;,5000;,0;,5000;,0;,0;
23270,Watodiri,0;,2;,2;,2;,0;,0;,0;,0;,0;,0;,0;,0;,0;,0;,0;,0;,0;,0;,0;,0;,0;,0;,0;
23274,Pada,,,,,,,,,,,,,,,,,,,,,,,
23276,Puor,;,60;,96;,;,60;,;,;,;,;,;,;,;,;,;,120000;,;,;,;,;,;,;,;,;
23277,Tubuk Rajan,40;,7;,20;,;,4;,;,;,;,;,;,;,;,25000;,;,10000;,;,5000;,;,;,5000;,2000;,;,;
23279,Puor,;,120;,120;,;,;,;,;,;,;,;,;,;,;,;,;,;,;,;,;,;,;,;,;
23283,Puor,,,,,,,,,,,,,,,,,,,,,,,
23284,Puor,;,60;,;,;,;,;,;,;,;,;,;,;,;,;,;,;,;,;,;,;,;,;,;
23285,Laranwutun,5;,;,;,;,;,;,;,;,;,75000;,75000;,;,;,;,;,;,;,;,;,;,5000;,;,;
23286,Wuakerong,,,,,,,,,,,,,,,,,,,,,,,
23289,Tubuk Rajan,30;,7;,15;,;,;,;,;,;,;,;,;,;,125000;,;,10000;,;,5000;,5000;,5000;,;,;,;,;
23290,Benihading,9;,0;,2;,2;,1;,0;,0;,0;,0;,16500;,0;,0;,0;,0;,0;,0;,0;,0;,0;,0;,0;,0;,0;
23291,Laranwutun,;,27;,90;,90;,;,;,;,;,;,;,;,;,;,;,;,;,;,;,;,;,;,;,;
23292,Benihading,0;,2;,12;,0;,0;,0;,0;,0;,0;,26400;,0;,0;,0;,0;,0;,0;,0;,0;,0;,0;,0;,0;,0;
23293,Benihading,2;,0;,8;,0;,0;,0;,0;,0;,0;,0;,0;,0;,0;,0;,0;,0;,0;,0;,0;,0;,0;,0;,0;
23294,Benihading,2.5;,2;,4;,4;,2;,0;,0;,0;,0;,53000;,60000;,0;,0;,0;,0;,0;,0;,0;,0;,0;,0;,0;,0;
23297,Benihading,3;,4;,4;,4;,3;,0;,0;,0;,0;,40000;,0;,0;,0;,0;,0;,0;,0;,0;,0;,0;,0;,0;,0;
23298,Tagawiti,;,;,;,3;,;,;,;,;,;,;,;,;,;,;,;,;,;,;,;,;,;,;,;
23299,Mahal,0;,0;,0;,150;,0;,0;,0;,0;,0;,0;,0;,0;,18000;,0;,0;,0;,0;,0;,0;,0;,0;,0;,0;
23300,Tagawiti,,,,,,,,,,,,,,,,,,,,,,,
23301,Tagawiti,,,,,,,,,,,,,,,,,,,,,,,
23302,Mahal,0;,7;,7;,0;,7;,0;,0;,0;,0;,0;,0;,0;,30000;,0;,0;,0;,0;,0;,0;,0;,0;,0;,0;
23303,Mahal,,,,,,,,,,,,,,,,,,,,,,,
23305,Mahal,20;,1;,10;,0;,0;,0;,0;,250000;,100000;,40000;,0;,0;,45000;,0;,0;,0;,0;,0;,0;,0;,0;,0;,0;
23307,Mahal,0;,0;,0;,0;,0;,0;,0;,0;,0;,0;,0;,0;,0;,0;,0;,0;,0;,0;,0;,0;,0;,0;,0;
23308,Mahal,0;,0;,0;,0;,0;,0;,0;,0;,0;,0;,0;,0;,0;,0;,0;,0;,0;,0;,0;,0;,0;,0;,0;
23309,Mahal,20;,0;,0;,0;,0;,0;,0;,0;,0;,0;,0;,0;,0;,0;,0;,0;,0;,0;,0;,0;,0;,0;,0;
23310,Mahal,0;,4;,5;,0;,4;,0;,0;,80000;,0;,0;,0;,0;,0;,0;,0;,0;,0;,0;,0;,0;,0;,0;,0;
23311,Laranwutun,6;,49;,;,62;,;,;,;,;,;,;,;,;,;,;,;,;,;,;,;,;,;,;,;
23312,Laranwutun,2;,;,;,;,;,;,;,;,;,;,;,;,;,;,;,;,;,;,;,;,;,;,;
23314,Dulitukan,;,;,;,;,;,;,;,;,;,;,;,62500;,;,;,;,;,;,;,;,;,;,;,;
23315,Dulitukan,;,;,2;,1.6;,;,;,;,150000;,;,;,;,47000;,;,;,;,;,;,;,;,;,;,;,;
23316,Dulitukan,;,;,2.08;,;,;,;,;,;,;,;,;,;,;,;,;,;,;,;,;,;,;,;,;
23318,Dulitukan,;,;,25;,30;,;,;,;,300000;,;,;,;,;,;,;,;,;,;,;,;,;,;,;,;
23328,Laranwutun,,,,,,,,,,,,,,,,,,,,,,,
23329,Laranwutun,7;,2;,3;,3;,2;,;,;,40000;,10000;,10000;,20000;,;,10000;,;,10000;,;,10000;,;,5000;,;,10000;,;,130000;
23353,Wuakerong,0;,0;,0;,0;,0;,0;,0;,0;,0;,0;,0;,0;,216000;,0;,0;,0;,0;,0;,0;,0;,0;,0;,0;
23369,Laranwutun,;,30;,16;,;,;,;,;,;,;,;,;,;,;,;,;,;,5000;,;,;,;,;,;,20000;
23370,Tagawiti,;,;,20;,;,;,;,;,;,;,;,;,;,;,;,;,;,;,;,;,;,;,;,;
23372,Wuakerong,0;,200;,300;,0;,6;,0;,0;,0;,0;,0;,900000;,0;,375000;,0;,270000;,0;,0;,0;,0;,0;,0;,0;,0;
23373,Tagawiti,,,,,,,,,,,,,,,,,,,,,,,
23374,Tagawiti,;,;,;,1;,1;,;,;,;,;,;,;,;,;,;,;,;,;,;,;,;,;,;,;
23375,Puor,10;,;,10;,;,;,;,;,;,;,;,;,;,;,;,;,;,;,;,;,;,;,;,;
23376,Puor,20;,10;,10;,;,;,;,;,;,;,;,;,;,;,;,;,;,;,;,;,;,;,;,;
23382,Laranwutun,7;,;,;,;,;,;,;,;,;,;,;,;,;,;,;,;,;,;,;,10000;,;,;,;
23383,Laranwutun,;,150;,;,20;,5;,;,;,;,;,;,50000;,;,;,;,;,;,;,;,;,;,;,;,65000;
23384,Laranwutun,;,100;,15;,15;,10;,;,;,600000;,;,130000;,;,;,;,;,;,;,;,;,;,;,;,;,;
23385,Laranwutun,;,120;,;,65;,2;,;,;,;,;,;,;,;,;,;,;,;,;,;,5000;,;,;,;,45000;
23387,Todanara,;,;,100;,;,;,;,;,;,;,;,;,;,;,;,0;,;,0;,;,0;,0;,;,;,;
23390,Todanara,;,;,20;,;,;,;,;,;,;,;,;,;,;,;,;,20000;,;,;,;,;,;,;,;
23392,Todanara,0;,0;,20;,0;,0;,0;,0;,0;,0;,0;,0;,0;,0;,0;,0;,0;,0;,0;,0;,0;,0;,0;,0;
23393,Dikesare,;,;,;,;,;,;,;,;,;,;,;,;,;,;,;,;,;,;,;,;,;,;,;
23394,Dikesare,; ; ; ;,; ; ; ;,; ; ; ;,; ; ; ;,; ; ; ;,; ; ; ;,; ; ; ;,; ; ; ;,; ; ; ;,; ; ; ;,; ; ; ;,; ; ; ;,; ; ; ;,; ; ; ;,; ; ; ;,; ; ; ;,; ; ; ;,; ; ; ;,; ; ; ;,; ; ; ;,; ; ; ;,; ; ; ;,; ; ; ;
23396,Tagawiti,,,,,,,,,,,,,,,,,,,,,,,
23397,Tagawiti,;,;,1;,;,;,;,;,;,;,;,;,;,;,;,;,;,;,;,;,;,;,;,;
23398,Waienga,0;,0;,5;,0;,0;,0;,0;,80000;,0;,0;,0;,0;,0;,0;,0;,0;,0;,0;,0;,0;,0;,0;,0;
23399,Labalimut,50;,6;,0;,5;,6;,0;,0;,0;,0;,0;,0;,0;,0;,0;,10000;,0;,20000;,5000;,5000;,0;,0;,0;,200000;
23400,Tagawiti,;,;,10;,10;,;,;,;,;,;,;,;,;,;,;,;,;,;,;,;,;,;,;,;
23401,Laranwutun,;,5;,2;,5;,;,;,;,20000;,;,10000;,;,;,;,;,15000;,;,;,;,5000;,5000;,5000;,;,;
23404,Hoelea I,0;,0;,10;,0;,0;,0;,0;,0;,0;,0;,0;,50000;,0;,0;,0;,0;,10000;,10000;,10000;,10000;,0;,0;,0;
23405,Hoelea I,15;,3;,10;,0;,0;,0;,0;,0;,0;,0;,0;,0;,0;,0;,0;,0;,10000;,10000;,10000;,0;,0;,0;,0;
23406,Hoelea I,0;,3;,10;,0;,0;,0;,0;,0;,0;,0;,0;,0;,0;,0;,0;,0;,10000;,10000;,10000;,10000;,0;,0;,0;
23407,Tagawiti,,,,,,,,,,,,,,,,,,,,,,,
23408,Waienga,0;,0;,0;,0;,0;,0;,0;,0;,0;,0;,150000;,0;,0;,0;,0;,0;,0;,0;,0;,0;,0;,0;,0;
23409,Tagawiti,;,;,1;,;,;,;,;,;,;,;,;,;,;,;,;,;,;,;,;,;,;,;,;
23410,Waienga,0;,0;,428;,0;,0;,0;,0;,0;,0;,0;,0;,0;,0;,0;,0;,0;,0;,0;,0;,0;,0;,0;,0;
23411,Laranwutun,; ;,6; 6;,; 2;,; 5;,; 5;,; ;,; ;,; 20000;,; 20000;,; 12500;,; ;,; 5000;,; ;,; ;,; 5000;,; ;,; 5000;,; 5000;,; 5000;,; ;,; 5000;,; ;,; ;
23412,Waienga,0;,0;,0;,0;,0;,0;,0;,0;,0;,0;,0;,0;,0;,0;,0;,0;,0;,0;,0;,0;,0;,0;,0;
23413,Laranwutun,;,150;,167;,;,5;,;,;,;,;,;,;,;,;,;,;,;,;,;,;,;,;,;,60000;
23414,Waienga,0;,0;,2;,0;,0;,0;,0;,80000;,0;,0;,0;,0;,0;,0;,0;,0;,0;,0;,0;,0;,0;,0;,0;
23415,Tagawiti,,,,,,,,,,,,,,,,,,,,,,,
23416,Dikesare,;,;,;,;,;,;,;,;,;,;,;,;,;,;,;,;,;,;,;,;,;,;,;
23418,Laranwutun,;,;,9;,15;,15;,;,;,30000;,;,;,;,40000;,15000;,;,;,15000;,15000;,;,5000;,;,;,;,;
23419,Waienga,0;,0;,0;,0;,0;,0;,0;,0;,0;,0;,0;,0;,0;,0;,0;,0;,0;,0;,0;,0;,0;,0;,0;
23420,Waienga,0;,0;,5;,2;,0;,0;,0;,0;,0;,0;,0;,0;,0;,0;,0;,0;,0;,0;,0;,0;,0;,0;,0;
23421,Waienga,0;,0;,0;,0;,0;,0;,0;,0;,0;,0;,0;,0;,0;,0;,0;,0;,0;,0;,0;,0;,0;,0;,0;
23422,Waienga,0;,0;,3;,0;,0;,0;,0;,0;,0;,0;,0;,0;,0;,0;,0;,0;,0;,0;,0;,0;,0;,0;,0;
23423,Laranwutun,;,6;,;,1;,;,;,;,200000;,;,25000;,;,;,;,;,;,;,;,;,;,;,;,;,;
23427,Tagawiti,,,,,,,,,,,,,,,,,,,,,,,
23428,Waienga,0;,0;,2;,0;,0;,0;,0;,0;,0;,0;,0;,0;,0;,0;,0;,0;,0;,0;,0;,0;,0;,0;,0;
23432,Laranwutun,,,,,,,,,,,,,,,,,,,,,,,
23433,Laranwutun,3;,;,;,;,;,;,;,;,;,;,;,;,;,;,;,;,;,;,;,;,;,;,;
23434,Tagawiti,;,;,3;,;,;,;,;,;,;,;,;,;,;,;,;,;,;,;,;,;,;,;,;
23436,Tubungwalang,;,;,;,;,;,;,;,;,;,;,;,;,;,;,;,0;,0;,0;,0;,0;,;,;,;
23437,Tagawiti,,,,,,,,,,,,,,,,,,,,,,,
23439,Waienga,0;,0;,0;,0;,0;,0;,0;,40000;,0;,0;,0;,0;,0;,0;,0;,0;,0;,0;,0;,0;,0;,0;,0;
23441,Laranwutun,;,2;,;,;,;,;,;,;,;,;,;,;,;,;,;,;,;,;,;,;,;,;,;
23442,Laranwutun,5;,;,;,;,;,;,;,;,;,;,;,;,;,;,;,;,;,;,;,;,;,;,;
23443,Waienga,0;,0;,5;,0;,0;,0;,0;,0;,0;,0;,0;,0;,0;,0;,0;,0;,0;,0;,0;,0;,0;,0;,0;
23445,Lamatuka,50;,500;,100;,0;,0;,0;,0;,0;,0;,0;,0;,1500000;,0;,0;,0;,0;,0;,0;,0;,0;,0;,0;,0;
23447,Lamatuka,0;,0;,0;,0;,0;,0;,0;,0;,0;,0;,0;,0;,0;,0;,0;,0;,0;,0;,0;,0;,0;,0;,0;
23448,Waienga,0;,7;,0;,0;,0;,0;,0;,0;,0;,0;,75000;,0;,0;,0;,0;,0;,0;,0;,0;,0;,0;,0;,0;
23449,Lamatuka,0;,0;,250;,50;,0;,0;,0;,0;,0;,40000;,0;,0;,0;,0;,0;,0;,144000;,0;,156000;,0;,0;,0;,0;
23450,Dulitukan,,,,,,,,,,,,,,,,,,,,,,,
23451,Lamatuka,50;,200;,100;,0;,0;,0;,0;,0;,0;,0;,560000;,0;,0;,0;,0;,0;,0;,0;,0;,0;,0;,0;,0;
23452,Lamatuka,0;,0;,0;,0;,0;,0;,0;,0;,0;,0;,0;,0;,0;,0;,600000;,0;,0;,0;,0;,0;,0;,0;,0;
23453,Lamatuka,0;,0;,50;,200;,0;,0;,0;,0;,0;,0;,0;,0;,0;,0;,0;,25000;,20000;,0;,20000;,20000;,0;,0;,0;
23454,Hoelea I,0;,0;,10;,0;,0;,0;,0;,0;,0;,0;,0;,0;,0;,0;,0;,0;,0;,0;,0;,0;,0;,0;,0;
23455,Hoelea I,0;,0;,5;,0;,0;,0;,0;,0;,0;,0;,0;,0;,0;,0;,0;,0;,10000;,10000;,10000;,10000;,0;,0;,0;
23456,Hoelea I,0;,0;,7;,0;,0;,0;,0;,0;,0;,0;,0;,0;,0;,0;,0;,0;,0;,0;,0;,0;,0;,0;,0;
23457,Hoelea I,0;,0;,10;,0;,0;,0;,0;,0;,0;,0;,0;,0;,0;,0;,0;,0;,10000;,10000;,10000;,10000;,0;,0;,0;
23458,Hoelea I,0;,5;,10;,0;,0;,0;,0;,0;,0;,0;,0;,0;,90000;,0;,0;,0;,10000;,10000;,10000;,10000;,0;,0;,0;
23459,Dulitukan,;,;,50;,6;,;,;,;,;,;,;,;,;,;,;,;,;,;,;,;,;,;,;,;
23460,Lamatuka,144;,300;,250;,0;,0;,0;,0;,0;,0;,0;,75000;,0;,0;,0;,0;,0;,0;,0;,0;,0;,0;,0;,0;
23462,Lamatuka,0;,200;,50;,150;,0;,0;,0;,0;,0;,0;,600000;,0;,0;,0;,0;,;,0;,0;,0;,0;,0;,0;,0;
23463,Wuakerong,0;,0;,0;,0;,0;,0;,0;,0;,0;,0;,0;,0;,0;,0;,0;,0;,0;,0;,0;,0;,0;,0;,0;
23467,Wuakerong,90;,25;,50;,250;,0;,0;,0;,0;,0;,0;,300000;,0;,0;,0;,0;,0;,0;,0;,0;,0;,0;,0;,0;
23468,Puor,30;,35;,10;,;,;,;,;,;,;,;,;,;,;,;,;,;,;,;,;,;,;,;,;
23469,Laranwutun,5;,67;,15;,80;,;,;,;,1200000;,;,;,;,;,;,;,60000;,;,10000;,;,10000;,;,;,;,140000;
23470,Dulitukan,;,;,6;,;,;,;,;,;,;,;,;,146000;,;,;,;,;,;,;,;,;,;,;,;
23473,Wuakerong,0;,0;,0;,0;,0;,0;,0;,0;,0;,0;,0;,0;,1200000;,0;,0;,0;,0;,0;,0;,0;,0;,0;,0;
23474,Waienga,0;,0;,3;,0;,0;,0;,0;,70000;,0;,0;,0;,0;,0;,0;,0;,0;,0;,0;,0;,0;,0;,0;,0;
23475,Merdeka,;,;,6;,;,5;,;,;,;,;,;,100000;,;,;,;,;,;,;,;,;,;,;,;,;
23476,Laranwutun,;,10;,;,;,;,;,;,100000;,40000;,75000;,150000;,;,20000;,;,5000;,;,5000;,;,2500;,;,;,;,;
23477,Wuakerong,30;,40;,10;,0;,0;,0;,0;,0;,0;,0;,600000;,100000;,0;,0;,0;,0;,0;,0;,0;,0;,0;,0;,0;
23478,Katakeja,0;,0;,0;,3;,0;,0;,0;,0;,0;,240000;,0;,0;,0;,0;,0;,0;,0;,18000;,0;,0;,0;,0;,0;
23479,Merdeka,;,;,7;,;,;,;,;,;,;,;,80000;,20000;,;,;,;,;,;,;,;,;,;,80000;,;
23480,Wuakerong,0;,2016;,0;,0;,0;,24;,0;,0;,0;,0;,0;,0;,1200000;,0;,0;,0;,0;,0;,0;,0;,0;,0;,0;
23483,Dulitukan,;,;,30;,60;,;,;,;,120000;,;,;,;,;,;,;,;,;,;,;,;,;,;,;,;
23484,Katakeja,20;,5;,32;,0;,0;,0;,0;,0;,0;,0;,0;,0;,0;,0;,0;,210000;,0;,0;,0;,0;,0;,0;,0;
23485,Dulitukan,,,,,,,,,,,,,,,,,,,,,,,
23487,Tagawiti,;,;,;,3;,;,;,;,;,;,;,;,;,;,;,;,;,;,;,;,;,;,;,;
23488,Tagawiti,,,,,,,,,,,,,,,,,,,,,,,
23489,Tagawiti,,,,,,,,,,,,,,,,,,,,,,,
23490,Merdeka,;,;,10;,;,8;,;,;,;,;,;,70000;,;,100000;,;,;,;,;,;,;,;,;,;,;
23491,Laranwutun,6;,50;,;,;,;,;,;,600000;,50000;,;,;,;,;,;,20000;,;,;,;,15000;,;,;,;,;
23492,Laranwutun,,,,,,,,,,,,,,,,,,,,,,,
23493,Tagawiti,;,;,10;,;,;,;,;,;,;,;,;,;,;,;,;,;,;,;,;,;,;,;,;
23494,Laranwutun,;,;,20;,;,;,;,;,;,;,;,;,;,;,;,;,;,;,;,;,;,;,;,;
23495,Tagawiti,;,;,25;,;,;,;,;,;,;,;,;,;,;,;,;,;,;,;,;,;,;,;,;
23496,Tagawiti,,,,,,,,,,,,,,,,,,,,,,,
23498,Tagawiti,;,;,20;,;,;,;,;,40000;,;,;,;,;,;,;,;,;,;,;,;,;,;,;,;
23499,Tagawiti,,,,,,,,,,,,,,,,,,,,,,,
23500,Laranwutun,;,;,;,;,;,;,;,;,;,;,;,;,;,;,;,;,;,;,;,;,;,;,50000;
23507,Merdeka,;,;,20;,;,;,;,;,200000;,40000;,60000;,;,;,90000;,;,;,;,;,;,;,;,;,;,;
23511,Merdeka,20;,;,16.6;,;,6;,;,;,;,;,;,40000;,;,;,;,;,;,;,;,;,;,9000;,10000;,;
23559,Puor,,,,,,,,,,,,,,,,,,,,,,,
23574,Muruona,0;,0;,0;,20;,20;,0;,0;,0;,0;,0;,0;,0;,0;,0;,0;,0;,0;,0;,0;,0;,0;,0;,0;
23578,Waienga,0;,5;,2;,0;,0;,0;,0;,0;,0;,0;,450000;,0;,0;,0;,0;,0;,0;,0;,0;,0;,0;,0;,0;
23579,Waienga,0;,0;,0;,0;,0;,0;,0;,0;,0;,0;,0;,0;,0;,0;,0;,0;,0;,0;,0;,0;,0;,0;,0;
23596,Waienga,0;,0;,0;,0;,0;,0;,0;,0;,0;,0;,0;,0;,0;,0;,0;,0;,0;,0;,0;,0;,0;,0;,0;
23608,Muruona,0;,10;,0;,0;,10;,0;,0;,800000;,0;,0;,500000;,0;,0;,0;,0;,0;,0;,0;,0;,0;,0;,0;,0;
23615,Tubuk Rajan,20;,10;,15;,;,;,;,;,;,;,;,;,;,;,;,10000;,;,5000;,5000;,;,5000;,;,;,;
23621,Waienga,0;,1;,10;,10;,0;,0;,0;,0;,0;,10000;,150000;,0;,40000;,0;,0;,0;,0;,0;,0;,0;,0;,0;,0;
23626,Katakeja,,,,,,,,,,,,,,,,,,,,,,,
23630,Muruona,0;,100;,0;,40;,0;,0;,0;,0;,0;,0;,425000;,0;,12000;,0;,0;,0;,0;,0;,0;,0;,0;,0;,0;
23634,Dulitukan,;,;,30;,;,;,;,;,;,;,;,;,225000;,;,;,;,;,;,;,;,;,;,;,;
23636,Muruona,0;,20;,400;,0;,0;,0;,0;,1200000;,0;,0;,0;,0;,0;,50000;,50000;,0;,0;,0;,45000;,0;,50000;,0;,0;
23639,Katakeja,0;,8;,0;,0;,0;,0;,0;,0;,0;,0;,0;,120000;,0;,0;,1000000;,0;,175000;,54000;,30000;,0;,0;,0;,0;
23644,Paubokol,0;,0;,0;,0;,0;,0;,0;,0;,0;,0;,0;,0;,0;,0;,0;,0;,0;,0;,0;,0;,0;,0;,0;
23661,Waienga,0;,1;,10;,10;,0;,0;,0;,0;,0;,0;,0;,0;,40000;,0;,0;,0;,0;,0;,0;,0;,0;,0;,0;
23663,Dulitukan,;,;,5;,;,;,;,;,;,;,;,;,17000;,;,;,;,;,;,;,;,;,;,;,;
23668,Laranwutun,,,,,,,,,,,,,,,,,,,,,,,
23676,Katakeja,40;,10;,30;,0;,0;,0;,0;,0;,0;,0;,0;,0;,0;,0;,0;,0;,0;,0;,0;,0;,0;,0;,0;
23684,Muruona,0;,0;,0;,120;,0;,0;,0;,0;,0;,0;,500000;,0;,0;,0;,0;,0;,0;,0;,0;,0;,0;,0;,0;
23689,Katakeja,,,,,,,,,,,,,,,,,,,,,,,
23697,Waienga,0;,0;,0;,0;,0;,0;,0;,0;,0;,0;,0;,0;,0;,0;,0;,0;,0;,0;,0;,0;,0;,0;,0;
23704,Lamatuka,0;,0;,180;,0;,0;,0;,0;,0;,0;,30000;,375000;,0;,0;,0;,0;,0;,0;,0;,0;,0;,0;,0;,-;
23706,Tubuk Rajan,,,,,,,,,,,,,,,,,,,,,,,
23707,Mahal,10;,3;,6;,0;,0;,0;,0;,0;,0;,0;,0;,0;,0;,0;,0;,0;,0;,0;,0;,0;,0;,0;,0;
23710,Mahal,0;,5;,5;,0;,3;,0;,0;,0;,0;,0;,0;,0;,0;,0;,0;,0;,0;,0;,0;,0;,0;,0;,0;
23714,Mahal,0;,0;,10;,0;,0;,0;,0;,0;,0;,0;,0;,0;,0;,0;,0;,5000;,5000;,5000;,5000;,5000;,0;,0;,;
23716,Mahal,,,,,,,,,,,,,,,,,,,,,,,
23727,Lamatuka,300;,300;,300;,0;,0;,0;,0;,0;,0;,0;,0;,0;,0;,20000;,0;,15000;,0;,0;,0;,0;,0;,0;,-;
23731,Mahal,,,,,,,,,,,,,,,,,,,,,,,
23733,Mahal,,,,,,,,,,,,,,,,,,,,,,,
23734,Mahal,0;,0;,0;,0;,0;,0;,0;,0;,0;,0;,0;,0;,0;,0;,0;,0;,0;,10000;,3000;,5000;,0;,0;,0;
23737,Lamatuka,100;,200;,500;,0;,0;,0;,0;,36000;,0;,120000;,720000;,0;,0;,0;,0;,0;,0;,0;,0;,0;,0;,0;,-;
23739,Lamatuka,0;,70;,80;,0;,0;,0;,0;,0;,0;,0;,0;,0;,0;,10000;,10000;,0;,120000;,120000;,120000;,120000;,0;,0;,60000;
23741,Tagawiti,,,,,,,,,,,,,,,,,,,,,,,
23750,Lamatuka,0;,0;,0;,0;,0;,0;,0;,0;,0;,0;,0;,0;,0;,0;,0;,0;,0;,0;,0;,0;,0;,0;,0;
23751,Lamatuka,0;,24;,24;,0;,0;,0;,0;,0;,0;,0;,600000;,0;,0;,0;,0;,4000;,0;,0;,0;,0;,0;,0;,0;
23752,Lamatuka,0;,0;,0;,0;,0;,0;,0;,0;,0;,300000;,300000;,0;,0;,0;,0;,0;,0;,0;,0;,0;,0;,0;,-;
23753,Mahal,0;,0;,0;,0;,0;,0;,0;,0;,0;,0;,0;,0;,0;,0;,0;,0;,5000;,5000;,5000;,5000;,0;,0;,0;
23754,Tagawiti,,,,,,,,,,,,,,,,,,,,,,,
23755,Lamatuka,10;,150;,100;,0;,0;,0;,0;,0;,0;,0;,0;,0;,0;,60000;,60000;,0;,0;,0;,0;,0;,0;,0;,0;
23758,Muruona,0;,0;,0;,0;,0;,0;,0;,0;,0;,0;,1250000;,0;,0;,0;,0;,0;,0;,0;,0;,0;,0;,0;,0;
23761,Tubuk Rajan,30;,7;,15;,;,;,;,;,;,;,;,;,;,;,;,;,;,5000;,5000;,;,5000;,;,;,;
23783,Lamatuka,200;,200;,150;,0;,0;,0;,0;,0;,0;,0;,0;,0;,0;,0;,0;,0;,0;,0;,0;,0;,0;,0;,0;
23785,Mahal,0;,0;,0;,0;,0;,0;,0;,0;,0;,0;,0;,0;,0;,0;,0;,0;,5000;,5000;,5000;,5000;,0;,0;,0;
23787,Muruona,0;,100;,0;,0;,0;,0;,0;,0;,0;,0;,0;,0;,0;,0;,0;,0;,0;,0;,0;,0;,0;,0;,0;
23792,Muruona,0;,0;,30;,30;,0;,0;,0;,480000;,0;,0;,0;,0;,0;,0;,0;,0;,0;,0;,0;,0;,0;,0;,0;
23802,Lamatuka,0;,200;,350;,0;,0;,0;,0;,0;,0;,0;,0;,0;,0;,0;,0;,0;,0;,0;,0;,0;,0;,0;,0;
23808,Mahal,,,,,,,,,,,,,,,,,,,,,,,
23824,Bour,;,5;,0;,0;,0;,0;,0;,0;,0;,0;,0;,0;,0;,0;,10000;,0;,0;,0;,50000;,0;,0;,0;,0;
23836,Lamatuka,0;,0;,0;,375;,0;,0;,0;,0;,0;,0;,0;,0;,0;,0;,0;,0;,0;,0;,0;,0;,0;,0;,-;
23845,Tagawiti,,,,,,,,,,,,,,,,,,,,,,,
23855,Tagawiti,,,,,,,,,,,,,,,,,,,,,,,
23872,Lamatuka,0;,150;,300;,130;,0;,0;,0;,0;,0;,0;,180000;,0;,0;,0;,0;,0;,0;,0;,0;,0;,0;,0;,0;
23884,Merdeka,;,5;,;,;,;,;,;,;,;,90000;,;,;,;,50000;,50000;,;,;,40000;,30000;,;,;,50000;,;
23885,Paubokol,250;,80;,200;,0;,0;,0;,0;,0;,0;,0;,0;,0;,0;,0;,0;,0;,0;,0;,0;,0;,0;,0;,0;
23886,Lamatuka,100;,50;,50;,100;,0;,0;,0;,0;,0;,75000;,385000;,130000;,0;,0;,25000;,0;,37500;,53100;,57000;,36000;,10000;,0;,30000;
23887,Mahal,0;,0;,0;,0;,0;,0;,0;,0;,0;,0;,0;,0;,0;,0;,5000;,2000;,2000;,2000;,2000;,2000;,0;,0;,0;
23890,Mahal,0;,0;,10;,0;,0;,0;,0;,0;,0;,0;,0;,0;,0;,0;,5000;,0;,1000;,2000;,2000;,2000;,0;,0;,;
23894,Lamatuka,0;,156;,0;,0;,0;,0;,0;,1920000;,120000;,0;,-;,0;,0;,240000;,0;,0;,0;,0;,0;,0;,240000;,0;,-;
23895,Merdeka,;,;,4.25;,;,1;,;,;,60000;,40000;,;,75000;,;,75000;,;,;,;,30000;,;,;,;,;,;,;
23896,Todanara,0;,0;,100;,0;,0;,0;,0;,0;,0;,0;,0;,0;,0;,0;,0;,0;,5000;,0;,0;,0;,0;,0;,0;
23900,Muruona,0;,40;,0;,20;,0;,0;,0;,0;,0;,0;,850000;,0;,0;,0;,120000;,0;,0;,0;,120000;,0;,0;,0;,0;
23901,Tagawiti,,,,,,,,,,,,,,,,,,,,,,,
23903,Todanara,0;,0;,500;,120;,0;,0;,0;,0;,0;,0;,0;,0;,0;,0;,0;,0;,0;,0;,0;,0;,0;,0;,0;
23906,Waienga,0;,0;,0;,0;,0;,0;,0;,100000;,0;,0;,0;,0;,0;,0;,0;,0;,0;,0;,0;,0;,0;,0;,0;
23907,Tagawiti,;,;,10;,;,;,;,;,;,;,;,;,;,;,;,;,;,;,;,;,;,;,;,;
23908,Tagawiti,,,,,,,,,,,,,,,,,,,,,,,
23911,Todanara,0;,0;,100;,6;,0;,0;,0;,0;,0;,0;,0;,0;,0;,0;,0;,0;,0;,0;,0;,0;,0;,0;,0;
23915,Muruona,0;,200;,20;,50;,0;,0;,0;,0;,0;,0;,500000;,16500000;,0;,0;,60000;,0;,0;,0;,50000;,0;,0;,0;,;
23916,Muruona,0;,40;,40;,50;,0;,0;,0;,0;,0;,0;,0;,0;,0;,0;,0;,0;,0;,0;,0;,0;,0;,0;,0;
23951,Waienga,0;,0;,0;,0;,0;,0;,0;,0;,0;,0;,0;,0;,0;,0;,0;,0;,0;,0;,0;,0;,0;,0;,0;
23992,Dikesare,;,;,;,;,;,;,;,;,;,;,;,;,;,;,;,;,;,;,;,;,;,;,;
24007,Dikesare,;,;,;,;,;,;,;,;,;,;,;,;,;,;,;,;,;,;,;,;,;,;,0;
24015,Dikesare,;,1;,2;,;,;,;,;,;,;,;,;,;,;,;,;,;,;,;,;,;,;,;,0;
24024,Dikesare,;,;,;,;,;,;,;,;,100000;,;,;,;,;,;,;,;,;,;,;,;,;,;,0;
24058,Merdeka,;,4;,3;,;,2;,;,;,150000;,70000;,60000;,100000;,;,;,;,;,;,;,;,;,;,;,;,;
24070,Waienga,0;,0;,0;,0;,0;,0;,0;,0;,0;,0;,0;,0;,0;,0;,0;,0;,0;,0;,0;,0;,120000;,0;,0;
24074,Waienga,0;,0;,15;,15;,0;,0;,0;,0;,0;,0;,0;,0;,0;,0;,0;,0;,0;,0;,0;,0;,0;,0;,0;
24075,Waienga,0;,0;,0;,0;,0;,0;,0;,0;,0;,0;,0;,0;,0;,0;,0;,0;,0;,0;,0;,0;,0;,0;,0;
24076,Wuakerong,0;,45;,45;,25;,0;,0;,0;,0;,40000;,0;,150000;,0;,0;,0;,0;,0;,0;,0;,0;,0;,0;,0;,0;
24077,Wuakerong,0;,7560;,400;,0;,0;,0;,0;,0;,0;,0;,0;,0;,0;,0;,0;,0;,0;,0;,0;,0;,0;,0;,0;
24078,Wuakerong,12.5;,104;,78.6;,0;,0;,0;,0;,0;,0;,0;,0;,0;,0;,0;,0;,0;,0;,0;,0;,0;,0;,0;,0;
24079,Wuakerong,500;,624;,500;,0;,0;,0;,0;,0;,0;,0;,0;,0;,0;,0;,0;,0;,0;,0;,0;,0;,0;,0;,;
24080,Waienga,0;,0;,0;,0;,0;,0;,0;,0;,0;,0;,0;,0;,0;,0;,0;,0;,0;,0;,0;,0;,0;,0;,0;
24083,Tubuk Rajan,35;,10;,20;,;,;,;,;,;,;,;,;,;,;,;,;,;,;,5000;,5000;,;,;,;,;
24092,Waienga,0;,0.5;,10;,1;,0;,0;,0;,0;,0;,10000;,0;,0;,0;,0;,5000;,0;,0;,0;,0;,0;,0;,0;,0;
24113,Dulitukan,;,;,;,;,;,;,;,;,;,;,;,9;,;,;,;,;,;,;,;,;,;,;,;
24116,Dulitukan,,,,,,,,,,,,,,,,,,,,,,,
24119,Dulitukan,,,,,,,,,,,,,,,,,,,,,,,
24120,Dulitukan,,,,,,,,,,,,,,,,,,,,,,,
24123,Ile Kimok,30;,2;,5;,0;,1;,0;,0;,80000;,100000;,25000;,0;,10000;,0;,0;,25000;,0;,5000;,5000;,5000;,5000;,5000;,0;,0;
24124,Merdeka,2.5;,;,3.33;,;,;,;,;,120000;,40000;,;,;,;,;,;,;,;,;,;,10000;,;,;,30000;,;
24139,Ile Kimok,20;,2;,2;,0;,1;,0;,0;,50000;,100000;,12500;,0;,10000;,0;,0;,15000;,0;,5000;,5000;,5000;,5000;,10000;,0;,0;
24140,Ile Kimok,20;,2;,2;,0;,1;,0;,0;,100000;,100000;,25000;,0;,10000;,0;,0;,15000;,0;,5000;,5000;,5000;,5000;,5000;,0;,0;
24141,Ile Kimok,30;,2;,2;,0;,2;,0;,0;,100000;,50000;,20000;,0;,0;,0;,0;,25000;,0;,5000;,5000;,5000;,5000;,5000;,0;,0;
24143,Ile Kimok,30;,0;,1;,0;,0;,0;,0;,300000;,100000;,10000;,0;,10000;,0;,0;,5000;,5000;,5000;,5000;,5000;,5000;,5000;,0;,0;
24144,Ile Kimok,30;,2;,2;,0;,1;,0;,0;,100000;,20000;,10000;,0;,75000;,0;,0;,15000;,0;,5000;,5000;,5000;,5000;,10000;,0;,0;
24149,Ile Kimok,20;,2;,2;,0;,1;,0;,0;,40000;,25000;,10000;,0;,0;,0;,0;,25000;,0;,5000;,5000;,5000;,5000;,5000;,0;,0;
24155,Ile Kimok,20;,2;,2;,0;,1;,0;,0;,100000;,10000;,15000;,0;,0;,0;,0;,0;,0;,0;,0;,0;,0;,0;,0;,0;
24156,Ile Kimok,0;,0;,0;,0;,0;,0;,0;,0;,0;,0;,0;,0;,0;,0;,0;,0;,0;,0;,0;,0;,0;,0;,;
24157,Ile Kimok,15;,0;,0;,0;,0;,0;,0;,0;,0;,0;,0;,0;,0;,0;,0;,0;,0;,0;,0;,0;,0;,0;,0;
24162,Waienga,0;,0;,2;,0;,0;,0;,0;,200000;,0;,12500;,0;,0;,0;,20;,0;,0;,0;,0;,0;,0;,0;,0;,0;
24163,Ile Kimok,0;,0;,0;,0;,0;,0;,0;,0;,0;,0;,0;,0;,0;,0;,0;,0;,0;,0;,0;,0;,0;,0;,;
24164,Ile Kimok,0;,0;,0;,0;,0;,0;,0;,0;,0;,0;,0;,0;,0;,0;,0;,0;,0;,0;,0;,0;,0;,0;,;
24166,Merdeka,,,,,,,,,,,,,,,,,,,,,,,
24169,Ile Kimok,20;,2;,2;,0;,1;,0;,0;,0;,0;,0;,0;,0;,0;,0;,0;,0;,0;,0;,0;,0;,0;,0;,0;
24229,Tubuk Rajan,,,,,,,,,,,,,,,,,,,,,,,
24231,Tubuk Rajan,35;,100;,50;,;,;,;,;,;,;,;,;,;,;,;,;,;,;,;,;,;,;,;,;
24232,Tubuk Rajan,,,,,,,,,,,,,,,,,,,,,,,
24233,Tubuk Rajan,,,,,,,,,,,,,,,,,,,,,,,
24234,Tubuk Rajan,,,,,,,,,,,,,,,,,,,,,,,
24235,Tubuk Rajan,,,,,,,,,,,,,,,,,,,,,,,
24236,Tubuk Rajan,,,,,,,,,,,,,,,,,,,,,,,
24237,Tubuk Rajan,,,,,,,,,,,,,,,,,,,,,,,
24238,Tubuk Rajan,,,,,,,,,,,,,,,,,,,,,,,
24239,Tubuk Rajan,,,,,,,,,,,,,,,,,,,,,,,
24240,Tubuk Rajan,20;,;,10;,;,;,;,;,;,;,;,;,;,100000;,;,;,;,;,;,;,;,;,;,;
24241,Tubuk Rajan,,,,,,,,,,,,,,,,,,,,,,,
24261,Todanara,0;,0;,50;,100;,0;,0;,0;,0;,0;,0;,0;,0;,0;,0;,0;,0;,0;,0;,0;,0;,0;,0;,;
24269,Todanara,0;,50;,100;,200;,0;,0;,0;,0;,0;,0;,0;,0;,0;,0;,0;,0;,0;,0;,0;,0;,0;,0;,;
24272,Merdeka,;,5;,8;,;,;,;,;,;,;,;,75000;,35000;,;,;,;,;,;,;,;,;,;,;,;
24280,Merdeka,;,;,;,;,;,;,;,;,;,30000;,150000;,;,;,;,;,;,;,;,;,;,;,;,;
24305,Wuakerong,0;,0;,0;,0;,0;,0;,0;,0;,0;,0;,0;,0;,1440000;,0;,0;,0;,0;,0;,0;,0;,0;,0;,;
24308,Mahal,0;,0;,0;,0;,0;,0;,0;,0;,0;,0;,0;,0;,0;,0;,0;,0;,5000;,0;,0;,0;,0;,0;,30000;
24310,Todanara,0;,0;,0;,0;,0;,0;,0;,0;,0;,0;,0;,0;,0;,0;,0;,0;,0;,0;,0;,0;,0;,0;,;
24318,Wuakerong,0;,48;,33;,0;,0;,0;,0;,0;,0;,0;,0;,0;,0;,0;,0;,0;,0;,0;,0;,0;,0;,0;,0;
24319,Merdeka,5;,5;,7;,;,;,;,;,;,;,30000;,130000;,;,;,;,;,;,;,;,;,;,;,;,;
24320,Merdeka,20;,5;,12;,;,;,;,;,;,;,;,;,120000;,;,;,;,;,;,;,;,;,;,;,;
24321,Wuakerong,,,,,,,,,,,,,,,,,,,,,,,
24322,Wuakerong,0;,4;,3;,0;,0.8;,0;,0;,10800000;,0;,0;,0;,0;,22500;,0;,362880;,0;,0;,0;,0;,0;,0;,0;,0;
24323,Wuakerong,0;,0;,0;,0;,0;,0;,0;,0;,0;,0;,0;,0;,0;,0;,0;,0;,0;,0;,0;,0;,0;,0;,0;
24324,Wuakerong,,,,,,,,,,,,,,,,,,,,,,,
24325,Wuakerong,,,,,,,,,,,,,,,,,,,,,,,
24326,Wuakerong,0;,0;,0;,0;,0;,0;,0;,0;,0;,0;,0;,0;,0;,0;,0;,0;,0;,0;,0;,0;,0;,0;,0;
24329,Ile Kimok,0;,0;,0;,0;,0;,0;,0;,0;,0;,0;,0;,0;,0;,0;,0;,0;,0;,0;,0;,0;,0;,0;,;
24330,Katakeja,0;,0;,0;,0;,0;,0;,0;,0;,0;,0;,0;,0;,0;,0;,10000;,0;,0;,0;,0;,0;,0;,0;,0;
24331,Katakeja,0;,8;,0;,0;,0;,0;,0;,0;,0;,0;,0;,0;,0;,0;,30000;,0;,0;,0;,30000;,0;,0;,0;,0;
24332,Bour,0;,5;,0;,0;,0;,0;,0;,0;,0;,0;,0;,0;,0;,0;,10000;,0;,0;,0;,0;,0;,0;,0;,0;
24339,Katakeja,0;,0;,0;,0;,0;,0;,0;,0;,0;,0;,0;,0;,0;,0;,0;,0;,0;,30000;,0;,0;,0;,0;,0;
24340,Labalimut,0;,5;,5;,5;,0;,0;,0;,0;,0;,0;,0;,0;,0;,0;,0;,0;,0;,0;,0;,0;,0;,0;,0;
24341,Labalimut,20;,3;,10;,0;,2;,;,;,0;,0;,0;,0;,0;,25000;,0;,10000;,0;,2500;,2500;,2500;,2500;,0;,0;,0;
24342,Katakeja,0;,50;,0;,0;,0;,0;,0;,0;,0;,0;,0;,0;,0;,0;,0;,50000;,30000;,25000;,0;,0;,0;,0;,100000;
24343,Puor,35;,80;,50;,;,;,;,;,;,;,;,;,;,;,100000;,300000;,200000;,200000;,200000;,200000;,200000;,200000;,50000;,;
24345,Merdeka,2;,;,2.5;,;,1.5;,;,;,;,;,;,;,70000;,;,;,;,;,;,;,40000;,;,;,;,;
24346,Merdeka,;,;,;,;,;,;,;,;,;,;,;,;,;,;,;,10000;,25000;,;,;,;,;,;,;
24347,Merdeka,;,;,;,;,;,;,;,160000;,;,;,;,;,90000;,;,;,;,;,;,;,;,;,;,;
24348,Dikesare,,,,,,,,,,,,,,,,,,,,,,,
24350,Dikesare,,,,,,,,,,,,,,,,,,,,,,,
24353,Dikesare,;,;,50;,;,;,;,;,;,;,;,;,;,;,;,;,;,;,;,;,;,;,;,;
24355,Dikesare,,,,,,,,,,,,,,,,,,,,,,,
24356,Dikesare,,,,,,,,,,,,,,,,,,,,,,,
24357,Dikesare,,,,,,,,,,,,,,,,,,,,,,,
24359,Dikesare,,,,,,,,,,,,,,,,,,,,,,,
24360,Dikesare,,,,,,,,,,,,,,,,,,,,,,,
24367,Todanara,0;,100;,750;,0;,0;,0;,0;,0;,0;,24000;,0;,0;,0;,0;,0;,20000;,0;,0;,0;,0;,0;,0;,;
24369,Merdeka,;,;,30;,;,;,;,;,;,;,;,;,;,;,;,;,;,15000;,;,;,;,;,10000;,;
24370,Labalimut,6;,10;,10;,0;,3;,0;,0;,0;,0;,0;,0;,0;,20000;,0;,0;,90000;,0;,0;,0;,0;,0;,0;,0;
24371,Merdeka,4;,;,4;,;,1;,;,;,80000;,60000;,;,140000;,;,;,;,;,;,;,;,;,;,;,45000;,;
24372,Merdeka,;,5;,;,7;,;,;,;,60000;,;,35000;,;,;,;,;,;,;,;,;,;,;,;,;,;
24381,Todanara,200; 200;,0; 0;,500; 500;,0; 0;,0; 0;,0; 0;,0; 0;,0; 0;,0; 0;,0; 0;,0; 0;,0; 0;,0; 0;,0; 0;,0; 0;,0; 0;,0; 0;,0; 0;,0; 0;,0; 0;,0; 0;,0; 0;,0; 0;
24385,Dikesare,,,,,,,,,,,,,,,,,,,,,,,
24386,Dikesare,;,;,1;,;,;,2;,;,;,;,;,;,;,;,;,;,;,;,;,;,;,;,;,25000;
24388,Todanara,0;,0;,0;,0;,0;,0;,0;,0;,0;,0;,0;,0;,0;,0;,0;,0;,0;,0;,0;,0;,0;,0;,0;
24395,Todanara,0;,0;,50;,0;,0;,0;,0;,0;,0;,0;,0;,0;,0;,0;,0;,0;,0;,0;,0;,0;,0;,0;,;
24399,Dikesare,,,,,,,,,,,,,,,,,,,,,,,
24412,Todanara,0;,0;,0;,0;,0;,0;,0;,0;,0;,0;,0;,0;,0;,0;,0;,0;,0;,0;,0;,0;,0;,0;,;
24413,Mahal,0;,0;,0;,0;,4;,0;,0;,0;,0;,0;,0;,0;,0;,0;,0;,0;,0;,0;,0;,0;,0;,0;,0;
24414,Merdeka,10;,8;,4;,5;,;,;,;,;,;,;,;,;,;,;,;,;,;,;,80000;,;,;,;,;
24415,Merdeka,;,;,5;,;,;,;,;,60000;,;,;,;,;,;,;,;,;,15000;,;,30000;,;,;,;,;
24416,Merdeka,,,,,,,,,,,,,,,,,,,,,,,
24417,Merdeka,5;,;,6.6;,;,;,;,;,40000;,;,;,;,;,;,;,;,;,;,;,;,;,;,;,;
24419,Merdeka,5; ;,; ;,4; ;,3; ;,; 10;,; ;,; ;,200000; ;,; ;,; ;,; ;,30000; ;,150000; ;,; ;,; ;,; ;,; ;,; ;,; ;,; ;,; ;,; ;,; ;
24424,Todanara,7;,0;,4;,4;,0;,0;,0;,0;,0;,0;,0;,0;,0;,0;,0;,0;,25000;,25000;,0;,0;,0;,0;,;
24428,Todanara,0;,0;,0;,500;,0;,0;,0;,30000;,0;,0;,0;,0;,0;,0;,0;,0;,0;,0;,10000;,0;,0;,0;,;
24444,Katakeja,5;,0;,530;,0;,0;,0;,0;,0;,0;,0;,0;,0;,35000;,0;,30000;,0;,25000;,0;,0;,0;,10000;,0;,0;
24448,Katakeja,0;,0;,5;,0;,0;,0;,0;,0;,0;,0;,0;,0;,35000;,0;,0;,0;,0;,30000;,0;,0;,0;,0;,0;
24454,Katakeja,0;,45;,0;,0;,0;,0;,0;,0;,0;,0;,0;,0;,0;,0;,10000;,0;,0;,0;,10000;,0;,10000;,0;,0;
24486,Tubuk Rajan,;,;,20;,;,;,;,;,;,;,;,;,;,;,;,;,;,;,5000;,;,5000;,;,;,;
24487,Dikesare,,,,,,,,,,,,,,,,,,,,,,,
24488,Tubuk Rajan,;,;,;,;,;,;,;,;,;,;,;,;,75000;,;,;,;,;,;,;,;,;,;,;
24490,Tubuk Rajan,,,,,,,,,,,,,,,,,,,,,,,
24500,Ile Kimok,0;,0;,0;,0;,0;,0;,0;,0;,0;,0;,0;,0;,0;,0;,0;,0;,0;,0;,0;,0;,0;,0;,0;
24504,Katakeja,0;,1000;,50;,0;,0;,0;,0;,600000;,0;,60000;,0;,0;,0;,0;,0;,0;,0;,0;,30000;,0;,0;,0;,0;
24505,Katakeja,0;,3;,0;,0;,5;,0;,0;,0;,0;,0;,0;,0;,0;,0;,30000;,0;,0;,15000;,0;,0;,0;,0;,50000;
24510,Merdeka,;,;,;,;,;,;,;,;,;,30000;,80000;,;,;,;,;,;,;,;,;,;,;,;,;
24519,Waienga,0;,0;,10;,0;,0;,0;,0;,100000;,100000;,0;,150000;,0;,120000;,0;,0;,0;,0;,0;,0;,0;,0;,0;,0;
24577,Waienga,0;,0;,0;,0;,0;,0;,0;,100000;,0;,0;,0;,0;,0;,0;,0;,0;,0;,0;,0;,0;,0;,0;,0;
24587,Labalimut,0;,1;,0.5;,0;,4;,0;,0;,0;,0;,0;,0;,0;,0;,0;,0;,0;,2500;,2500;,2500;,0;,0;,0;,60000;
24596,Merdeka,4.1;,3;,;,41;,;,;,;,;,;,;,;,;,15000;,;,;,;,;,;,;,;,;,;,;
24598,Paubokol,0;,400;,90;,0;,0;,0;,0;,0;,0;,0;,0;,0;,0;,0;,0;,0;,0;,0;,0;,0;,0;,0;,;
24606,Paubokol,300;,0;,150;,0;,0;,0;,0;,0;,0;,0;,0;,0;,0;,0;,0;,0;,0;,0;,0;,0;,0;,0;,;
24611,Dikesare,,,,,,,,,,,,,,,,,,,,,,,
24612,Dikesare,,,,,,,,,,,,,,,,,,,,,,,
24613,Dikesare,;,2;,10;,;,1;,;,;,;,;,;,;,;,;,;,;,;,;,;,;,;,;,;,;
24617,Dikesare,;,;,2;,;,;,;,;,;,;,;,;,;,;,;,;,;,;,;,;,;,;,;,0;
24634,Muruona,0;,0;,750;,0;,0;,0;,0;,0;,0;,0;,0;,0;,0;,0;,0;,0;,0;,0;,0;,0;,0;,0;,0;
24635,Katakeja,0;,0;,0;,0;,0;,0;,0;,0;,0;,0;,0;,0;,0;,0;,0;,0;,30000;,0;,0;,0;,0;,0;,60000;
24636,Katakeja,0;,0;,0;,0;,0;,0;,0;,0;,0;,0;,0;,0;,0;,10000;,10000;,0;,0;,0;,0;,0;,0;,0;,60000;
24649,Dikesare,,,,,,,,,,,,,,,,,,,,,,,
24659,Muruona,0;,0;,0;,80;,0;,0;,0;,0;,0;,0;,300000;,0;,0;,0;,0;,0;,0;,0;,0;,0;,0;,0;,-;
24662,Muruona,0;,40;,20;,40;,0;,0;,0;,0;,0;,0;,-;,0;,0;,0;,0;,0;,0;,0;,0;,0;,0;,0;,-;
24663,Ile Kimok,0;,0;,0;,0;,0;,0;,0;,0;,0;,0;,0;,0;,0;,0;,0;,0;,0;,0;,0;,0;,0;,0;,;
24689,Katakeja,0;,0;,0;,0;,0;,0;,0;,0;,0;,0;,0;,0;,100000;,0;,0;,0;,0;,0;,0;,0;,0;,0;,0;
24690,Katakeja,,,,,,,,,,,,,,,,,,,,,,,
24691,Katakeja,200;,0;,500;,0;,250;,0;,0;,0;,0;,0;,0;,0;,0;,0;,0;,0;,0;,0;,0;,0;,0;,0;,245000;
24692,Katakeja,0;,1000;,25;,0;,0;,0;,0;,0;,0;,0;,0;,0;,0;,0;,0;,0;,0;,50000;,0;,0;,0;,0;,0;
24708,Dikesare,;,;,;,;,;,;,;,;,;,;,;,;,;,;,;,;,;,;,;,;,;,;,25000;
24709,Dikesare,,,,,,,,,,,,,,,,,,,,,,,
24710,Dikesare,;,;,100;,;,;,;,;,;,;,;,;,;,;,;,;,;,;,;,;,;,;,;,;
24713,Mahal,0;,3;,20;,0;,3;,0;,0;,0;,0;,0;,0;,0;,0;,0;,0;,0;,5000;,5000;,5000;,5000;,5000;,0;,0;
24714,Katakeja,,,,,,,,,,,,,,,,,,,,,,,
24715,Katakeja,0;,0;,0;,0;,0;,0;,0;,0;,0;,0;,0;,0;,14000;,0;,0;,0;,0;,0;,0;,0;,0;,0;,0;
24716,Katakeja,,,,,,,,,,,,,,,,,,,,,,,
24718,Katakeja,,,,,,,,,,,,,,,,,,,,,,,
24720,Katakeja,,,,,,,,,,,,,,,,,,,,,,,
24739,Katakeja,0;,200000;,0;,0;,0;,0;,0;,0;,0;,0;,0;,0;,75000;,0;,0;,0;,0;,35000;,0;,0;,0;,0;,350000;
24746,Katakeja,30;,0;,0;,0;,0;,0;,0;,0;,0;,0;,0;,0;,20000;,0;,0;,0;,0;,0;,0;,0;,0;,0;,0;
24760,Dulitukan,,,,,,,,,,,,,,,,,,,,,,,
24765,Katakeja,,,,,,,,,,,,,,,,,,,,,,,
24766,Katakeja,,,,,,,,,,,,,,,,,,,,,,,
24767,Katakeja,0;,0;,0;,0;,0;,0;,0;,0;,0;,0;,30000;,0;,45000;,0;,0;,0;,30000;,0;,0;,0;,0;,0;,80000;
24798,Todanara,0;,0;,100;,0;,25;,0;,0;,0;,0;,0;,0;,0;,0;,0;,0;,0;,0;,0;,0;,0;,0;,0;,0;
24799,Todanara,0;,0;,150;,0;,0;,0;,0;,50000;,0;,0;,0;,0;,0;,0;,0;,0;,0;,0;,10000;,0;,0;,0;,0;
24801,Todanara,0;,0;,10;,0;,0;,0;,0;,0;,0;,0;,0;,0;,0;,0;,0;,0;,0;,0;,0;,0;,0;,0;,0;
24802,Dikesare,,,,,,,,,,,,,,,,,,,,,,,
24803,Mahal,0;,3;,14;,0;,3;,0;,0;,0;,0;,0;,0;,0;,0;,0;,0;,0;,5000;,5000;,5000;,5000;,0;,0;,;
24866,Todanara,50;,100;,20;,20;,0;,0;,0;,0;,0;,0;,0;,0;,0;,0;,0;,0;,0;,0;,0;,0;,0;,0;,;
24867,Todanara,20;,10;,10;,10;,0;,0;,0;,0;,0;,0;,0;,100000;,0;,0;,0;,0;,0;,0;,0;,0;,0;,0;,;
24869,Todanara,0;,0;,0.5;,0;,0;,0;,0;,20000;,0;,0;,0;,0;,0;,20000;,0;,0;,0;,0;,10000;,0;,0;,0;,0;
24887,Labalimut,,,,,,,,,,,,,,,,,,,,,,,
24957,Todanara,100;,0;,100;,100;,0;,40;,0;,0;,0;,0;,;,;,;,;,;,;,;,;,;,;,;,;,;
