ID,Desa/Kelurahan,Beras_Lokal_(Sawah/Ladang_dalam_Kg),Singkong,Jagung_Lokal,Jagung_Hibrida,Umbi-umbian_lain,Sorgum,Jewawut/Weteng,Ikan_dan_Boga_Laut_Segar,Ikan_dan_Boga_Laut_Kering,Telor,Ayam,"Daging_(Sapi/Kerbau/Kambing/Babi,dll)",Kacang-kacangan,Minyak_Kelapa,Cabai_Besar,Cabai_Kecil,Kemiri,Kunyit,Jahe,Sereh,Lengkuas,Jeruk_Nipis,Mete,Lain-lain
22180,Lolong,5; 5;,0; 0;,0; 0;,0; 0;,0; 0;,0; 0;,0; 0;,0; 0;,0; 0;,20000; 20000;,0; 0;,0; 0;,0; 0;,0; 0;,10000; 0;,10000; 0;,0; 0;,0; 0;,0; 0;,0; 0;,0; 0;,5000; 0;,0; 300000;,0; 0;
22190,Paubokol,80;,750;,1000;,0;,0;,0;,0;,0;,0;,216000;,100000;,0;,0;,0;,0;,120000;,0;,1750000;,0;,120000;,0;,100000;,690000;,;
22195,Paubokol,100;,0;,150;,0;,0;,0;,0;,0;,0;,0;,500000;,0;,0;,0;,0;,0;,0;,0;,0;,0;,0;,0;,0;,;
22200,Paubokol,560;,300;,200;,0;,200;,0;,0;,0;,0;,0;,0;,0;,0;,0;,0;,600000;,60000;,60000;,60000;,60000;,60000;,240000;,1380000;,;
22205,Paubokol,400;,600;,50;,0;,20;,0;,0;,0;,0;,0;,600000;,0;,0;,0;,0;,0;,120000;,120000;,120000;,120000;,120000;,120000;,4140000;,0;
22206,Paubokol,0;,0;,0;,0;,0;,0;,0;,0;,0;,0;,0;,0;,0;,0;,0;,0;,0;,0;,0;,0;,0;,0;,0;,0;
22208,Paubokol,300;,300;,120;,0;,120;,0;,0;,0;,0;,120000;,1200000;,0;,200000;,0;,0;,360000;,300000;,360000;,480000;,240000;,180000;,10000;,3151000;,0;
22210,Paubokol,500;,300;,0;,0;,0;,0;,0;,0;,0;,0;,0;,0;,0;,0;,0;,300000;,0;,600000;,0;,360000;,0;,0;,2300000;,0;
22223,Paubokol,600;,200;,60;,0;,0;,0;,0;,0;,0;,0;,0;,0;,0;,0;,0;,360000;,60000;,60000;,60000;,60000;,60000;,60000;,5520000;,0;
22226,Paubokol,280;,80;,90;,0;,10;,0;,0;,0;,0;,0;,0;,0;,0;,0;,0;,240000;,120000;,120000;,120000;,120000;,120000;,120000;,5520000;,0;
22227,Paubokol,400;,60;,30;,0;,0;,0;,0;,0;,0;,0;,0;,0;,0;,0;,0;,120000;,120000;,120000;,180000;,120000;,120000;,180000;,4554000;,0;
22233,Paubokol,0;,0;,0;,0;,0;,0;,0;,0;,0;,0;,0;,0;,0;,0;,0;,0;,0;,0;,0;,0;,0;,0;,345000;,0;
22236,Paubokol,320;,200;,50;,0;,0;,0;,0;,0;,0;,0;,0;,0;,0;,0;,0;,120000;,120000;,180000;,120000;,180000;,120000;,180000;,4692000;,0;
22238,Paubokol,240;,200;,60;,0;,60;,0;,0;,0;,0;,0;,0;,0;,0;,0;,0;,240000;,120000;,120000;,120000;,120000;,120000;,120000;,8280000;,0;
22244,Paubokol,200;,200;,300;,0;,0;,0;,0;,0;,0;,0;,0;,0;,0;,0;,240000;,240000;,120000;,120000;,120000;,120000;,120000;,120000;,6900000;,0;
22245,Paubokol,0;,0;,0;,0;,0;,0;,0;,0;,0;,0;,0;,0;,0;,0;,0;,0;,0;,0;,0;,0;,0;,0;,0;,0;
22253,Paubokol,0;,0;,0;,0;,0;,0;,0;,0;,0;,0;,0;,0;,480000;,0;,0;,240000;,120000;,120000;,120000;,120000;,120000;,120000;,9600000;,0;
22259,Duawutun,,,,,,,,,,,,,,,,,,,,,,,,
22260,Duawutun,10; 10; 20;,6; 15; 15;,15; 15; 15;,15; 0; 0;,0; 0; ;,0; 0; ;,0; 0; ;,0; 0; 0;,0; 0; 0;,0; 0; 3000;,0; 0; 60000;,0; 0; 0;,0; 0; 0;,15000; 15000; 15000;,0; 0; 0;,; 0; 0;,; 0; ;,; 0; ;,; 0; ;,; 0; ;,; 0; ;,; 0; ;,10; 10; ;,; ; ;
22262,Duawutun,20;,15;,15;,0;,0;,0;,0;,0;,;,;,;,;,;,;,;,;,;,;,;,;,;,;,20;,;
22272,Duawutun,10;,1;,10;,;,;,;,;,10000;,20000;,10000;,0;,0;,;,15000;,5000;,5000;,0;,0;,0;,0;,;,;,;,;
22297,Balauring,0;,0;,1500;,0;,0;,0;,0;,5760000;,0;,0;,0;,0;,0;,0;,;,;,;,;,;,;,;,;,0;,;
22298,Balauring,;,;,3000;,;,;,;,;,;,;,;,;,;,;,;,;,;,;,;,;,;,;,;,;,;
22300,Balauring,;,;,;,;,;,;,;,;,;,;,;,;,;,;,;,;,;,;,;,;,;,;,;,;
22301,Balauring,300;,475;,950;,;,;,;,;,;,;,;,;,;,;,;,;,;,;,;,;,;,;,;,;,;
22303,Balauring,; ;,; ;,180; 300;,; ;,; ;,; ;,; ;,; ;,; ;,; ;,; ;,; ;,; ;,; ;,; ;,; ;,; ;,; ;,; ;,; ;,; ;,; ;,; ;,; ;
22309,Balauring,;,50;,800;,;,;,;,;,;,;,;,;,;,;,;,;,;,;,;,;,;,;,;,;,;
22325,Labalimut,0;,0;,0;,0;,0;,0;,0;,0;,0;,0;,0;,0;,0;,0;,0;,0;,0;,0;,0;,0;,0;,0;,0;,0;
22326,Labalimut,180;,60;,36;,0;,24;,0;,0;,0;,0;,0;,0;,0;,0;,0;,60000;,60000;,60000;,60000;,60000;,60000;,60000;,60000;,0;,0;
22327,Labalimut,720;,0;,0;,0;,0;,0;,0;,0;,0;,0;,0;,0;,0;,0;,0;,120000;,1800000;,60000;,60000;,60000;,60000;,60000;,0;,0;
22328,Labalimut,0;,24;,12;,0;,12;,0;,0;,0;,0;,0;,0;,0;,0;,0;,0;,0;,0;,0;,0;,0;,0;,0;,0;,0;
22329,Labalimut,0;,500;,55;,42;,60;,0;,0;,0;,0;,0;,0;,0;,0;,0;,0;,0;,3025000;,0;,0;,0;,0;,0;,1190000;,1050000;
22330,Labalimut,600;,120;,1200;,0;,0;,0;,0;,0;,0;,0;,0;,0;,0;,0;,0;,0;,0;,0;,0;,0;,0;,0;,0;,0;
22332,Nubamado,200; 200;,0; 0;,0; 300;,0; 0;,0; 40;,0; 0;,0; 0;,0; 0;,0; 0;,0; 0;,0; 500000;,0; 10000000;,0; 0;,0; 100000;,0; 0;,0; 240000;,0; 0;,0; 0;,0; 0;,0; 0;,0; 0;,0; 0;,4600000; 20000;,; 0;
22334,Nubamado,150;,30;,0;,0;,0;,0;,0;,0;,0;,0;,0;,0;,0;,0;,0;,240000;,0;,0;,0;,0;,0;,0;,0;,;
22335,Nubamado,150;,20;,25;,0;,5;,0;,0;,;,;,0;,0;,0;,150000;,50000;,0;,50000;,0;,0;,0;,20000;,20000;,0;,0;,;
22336,Nubamado,100;,100;,320;,0;,0;,0;,0;,0;,0;,0;,0;,16000000;,0;,0;,0;,2400000;,160000;,60000;,0;,0;,0;,0;,0;,0;
22338,Nubamado,0;,0;,0;,0;,0;,0;,0;,0;,0;,50000;,1000000;,8000000;,0;,0;,50000;,50000;,0;,20000;,20000;,20000;,0;,0;,50000;,100000;
22339,Nubamado,250;,20;,100;,0;,5;,0;,0;,0;,0;,0;,1000000;,;,0;,60000;,0;,100000;,500000;,20000;,20000;,20000;,20000;,50000;,1380000;,250000;
22340,Nubamado,0;,0;,30;,0;,0;,0;,0;,0;,0;,0;,0;,0;,0;,0;,0;,0;,0;,0;,0;,0;,0;,0;,184000;,;
22342,Nubamado,13;,20;,50;,0;,0;,0;,0;,0;,0;,20000;,200000;,2000000;,0;,60000;,0;,100000;,3000000;,20000;,20000;,20000;,20000;,100000;,4600000;,0;
22343,Nubamado,0;,50;,0;,0;,0;,0;,0;,0;,0;,0;,0;,0;,0;,0;,0;,30000;,0;,30000;,30000;,20000;,30000;,0;,230000;,;
22344,Nubamado,0;,210;,150;,0;,0;,0;,0;,0;,0;,125000;,500000;,700000;,0;,0;,0;,120000;,0;,0;,0;,0;,0;,0;,0;,0;
22345,Nubamado,96;,0;,15;,0;,0;,0;,0;,0;,0;,0;,400000;,1000000;,0;,0;,0;,105000;,0;,60000;,60000;,60000;,60000;,0;,0;,0;
22346,Nubamado,240;,12;,0;,0;,0;,0;,0;,360000;,0;,72000;,150000;,2000000;,0;,384000;,0;,15000;,30000;,180000;,84000;,0;,0;,0;,0;,360000;
22347,Nubamado,100;,20;,50;,0;,0;,0;,0;,0;,0;,0;,0;,18000000;,0;,0;,0;,200000;,1000000;,20000;,20000;,20000;,20000;,40000;,1150000;,0;
22348,Nubamado,,,,,,,,,,,,,,,,,,,,,,,,
22349,Nubamado,20;,60;,50;,0;,0;,0;,0;,0;,0;,400000;,1200000;,14000000;,0;,0;,0;,0;,0;,60000;,60000;,60000;,60000;,0;,0;,0;
22350,Nubamado,50;,0;,400;,0;,0;,0;,0;,0;,0;,108000;,100000;,0;,0;,0;,0;,0;,0;,0;,60000;,30000;,0;,0;,0;,0;
22351,Nubamado,10;,30;,20;,0;,0;,0;,0;,0;,0;,0;,0;,0;,0;,0;,0;,50000;,0;,50000;,0;,30000;,0;,0;,400000;,;
22352,Nubamado,100;,50;,10;,0;,0;,0;,0;,0;,0;,0;,0;,0;,0;,0;,0;,0;,0;,0;,0;,0;,0;,0;,0;,;
22353,Nubamado,50;,15;,100;,0;,0;,0;,0;,0;,0;,33000;,100000;,50000;,0;,0;,0;,30000;,10000;,0;,0;,0;,0;,0;,5;,0;
22354,Nubamado,0;,0;,600;,0;,0;,0;,0;,0;,0;,300000;,500000;,19000000;,0;,0;,0;,0;,0;,60000;,60000;,60000;,60000;,0;,0;,0;
22355,Nubamado,450;,100;,750;,0;,20;,0;,0;,0;,0;,0;,0;,0;,0;,0;,0;,50;,0;,0;,0;,50;,0;,0;,1150000;,;
22356,Nubamado,1000;,0;,0;,0;,0;,0;,0;,0;,0;,0;,0;,5000000;,0;,0;,0;,100000;,0;,20000;,20000;,20000;,20000;,50000;,0;,1800000;
22358,Nubamado,10;,10;,20;,0;,0;,0;,0;,0;,0;,0;,50000;,0;,0;,0;,0;,0;,600000;,20000;,20000;,20000;,20000;,0;,920000;,200000;
22362,Balauring,,,,,,,,,,,,,,,,,,,,,,,,
22363,Balauring,; ;,; ;,200; 200;,; ;,50; ;,; ;,; ;,1440000; ;,; ;,; ;,; ;,; ;,; ;,; ;,60000; ;,48000; ;,; ;,120000; ;,; ;,120000; ;,; ;,; ;,; ;,; ;
22364,Balauring,;,100;,500;,;,20;,;,;,;,;,;,;,;,;,;,60000;,36000;,;,;,;,;,;,;,;,;
22365,Labalimut,240;,60;,60;,0;,0;,0;,0;,0;,0;,0;,100000;,0;,0;,0;,0;,120000;,1080000;,0;,0;,0;,0;,0;,0;,0;
22366,Balauring,,,,,,,,,,,,,,,,,,,,,,,,
22367,Labalimut,120;,0;,60;,0;,0;,0;,0;,0;,0;,0;,0;,0;,0;,0;,0;,0;,120000;,0;,0;,0;,0;,0;,0;,0;
22368,Labalimut,0;,0;,0;,0;,0;,0;,0;,0;,0;,0;,0;,0;,0;,0;,0;,0;,0;,0;,0;,0;,0;,0;,0;,0;
22369,Balauring,;,;,200;,;,;,;,;,1200000;,;,;,;,;,;,;,60000;,60000;,;,;,;,;,;,;,;,;
22370,Balauring,;,;,50;,50;,;,;,;,120000;,;,;,;,;,;,;,60000;,60000;,24000;,24000;,36000;,24000;,24000;,;,;,;
22371,Labalimut,125;,2400;,1200;,0;,0;,0;,0;,0;,0;,0;,0;,0;,0;,0;,0;,0;,12000000;,0;,0;,0;,0;,0;,0;,600000;
22372,Labalimut,0;,0;,60;,0;,0;,0;,0;,0;,0;,0;,0;,0;,0;,0;,0;,0;,0;,0;,0;,0;,0;,0;,0;,0;
22373,Labalimut,80;,20;,50;,50;,0;,0;,0;,0;,0;,36000;,0;,0;,50000;,0;,0;,0;,3600000;,0;,0;,0;,0;,0;,0;,540000;
22374,Labalimut,200;,100;,120;,0;,0;,0;,0;,0;,0;,0;,0;,0;,0;,0;,0;,0;,6000000;,0;,0;,0;,0;,0;,0;,0;
22377,Labalimut,0;,0;,0;,0;,0;,0;,0;,0;,0;,0;,0;,0;,0;,0;,0;,0;,0;,0;,0;,0;,0;,0;,0;,0;
22378,Labalimut,50;,0;,60;,0;,0;,0;,0;,0;,0;,0;,0;,0;,0;,0;,0;,0;,200000;,0;,0;,0;,0;,0;,0;,0;
22379,Labalimut,0;,600;,600;,0;,0;,0;,0;,0;,0;,0;,0;,0;,0;,0;,0;,0;,24000000;,0;,0;,0;,0;,0;,0;,0;
22380,Pada,0;,2;,4;,2;,0;,0;,0;,0;,0;,0;,0;,0;,0;,0;,0;,0;,0;,0;,0;,0;,0;,0;,0;,;
22381,Pada,0;,0;,0;,0;,0;,0;,0;,0;,0;,0;,150000;,8500000;,0;,0;,0;,0;,0;,0;,0;,0;,0;,0;,;,;
22390,Balauring,;,;,500;,;,;,;,;,;,;,;,;,;,;,;,;,;,;,;,;,;,;,;,;,;
22391,Balauring,,,,,,,,,,,,,,,,,,,,,,,,
22392,Balauring,;,;,200;,;,;,;,;,;,;,;,;,;,;,;,;,;,;,;,;,;,;,;,;,;
22393,Balauring,,,,,,,,,,,,,,,,,,,,,,,,
22394,Balauring,;,;,60;,;,;,;,;,;,;,;,;,;,;,;,;,;,;,;,;,;,;,;,;,;
22395,Balauring,,,,,,,,,,,,,,,,,,,,,,,,
22396,Labalimut,0;,36;,0;,0;,0;,0;,0;,0;,0;,0;,0;,0;,0;,0;,240000;,240000;,7200000;,240000;,240000;,120000;,120000;,120000;,0;,0;
22397,Labalimut,144;,120;,600;,0;,0;,0;,0;,0;,0;,0;,0;,0;,0;,0;,0;,0;,1560000;,0;,0;,0;,0;,0;,0;,0;
22398,Labalimut,,,,,,,,,,,,,,,,,,,,,,,,
22399,Labalimut,0;,48;,48;,0;,0;,0;,0;,0;,0;,0;,0;,0;,0;,0;,0;,0;,0;,0;,0;,0;,0;,0;,0;,0;
22411,Labalimut,250;,120;,120;,50;,0;,0;,0;,0;,0;,0;,0;,0;,0;,0;,0;,110000;,7200000;,0;,0;,0;,0;,200000;,0;,0;
22414,Dikesare,; 0;,; 0;,; 0;,; 0;,; 0;,; 0;,; 0;,; 0;,; 0;,; 0;,; 0;,; 0;,; 0;,; 0;,; 0;,; 0;,; 0;,; 0;,; 0;,; 0;,; 0;,; 0;,; 0;,; ;
22415,Tubuk Rajan,;,;,;,;,;,;,;,;,;,;,;,8000000;,;,;,;,40000;,600000;,;,;,;,;,;,;,;
22420,Tubungwalang,;,60;,600;,500;,10;,;,;,;,;,660000;,3000000;,;,100000;,;,20000;,50000;,200000;,20000;,;,20000;,;,20000;,;,200000;
22424,Benihading,2.5;,8.3;,33.3;,0;,0;,0;,0;,0;,0;,56000;,75000;,2500000;,18000;,0;,0;,0;,0;,0;,0;,0;,0;,0;,0;,0;
22440,Todanara,4.1;,0;,10;,0;,0;,0;,0;,0;,0;,0;,0;,0;,0;,0;,20000;,20000;,0;,0;,0;,0;,5000;,0;,0;,;
22441,Todanara,10;,0;,0;,0;,0;,0;,0;,0;,0;,0;,0;,0;,0;,0;,0;,0;,0;,0;,0;,0;,0;,0;,0;,;
22442,Todanara,0;,0;,0;,250;,0;,0;,0;,0;,0;,0;,0;,0;,0;,0;,0;,0;,0;,0;,0;,0;,0;,0;,0;,;
22443,Todanara,0;,0;,50;,0;,0;,0;,0;,0;,0;,0;,0;,0;,0;,0;,0;,0;,0;,0;,0;,0;,0;,0;,0;,;
22446,Duawutun,70;,0;,0;,0;,0;,0;,0;,0;,0;,0;,0;,0;,0;,24000;,0;,0;,0;,0;,0;,0;,0;,0;,70;,0;
22447,Bour,20;,0;,0;,200;,0;,0;,0;,200000;,0;,0;,0;,16500000;,0;,0;,0;,20000;,0;,10000;,10000;,10000;,0;,10000;,0;,;
22456,Duawutun,20;,0;,0;,0;,0;,0;,0;,20000;,10000;,0;,0;,0;,0;,20000;,0;,0;,0;,0;,0;,0;,0;,0;,20;,0;
22457,Duawutun,0;,30;,20;,0;,0;,0;,0;,150000;,20000;,60000;,0;,0;,0;,0;,0;,5000;,0;,0;,0;,0;,0;,0;,0;,0;
22458,Duawutun,0;,0;,0;,300;,0;,0;,0;,0;,0;,0;,0;,0;,0;,0;,0;,0;,0;,0;,0;,0;,0;,0;,0;,0;
22459,Duawutun,0;,0;,0;,0;,0;,0;,0;,0;,0;,0;,0;,0;,0;,0;,0;,0;,0;,0;,0;,0;,0;,0;,0;,0;
22460,Duawutun,0;,0;,0;,0;,0;,0;,0;,0;,0;,0;,0;,0;,0;,0;,0;,0;,0;,0;,0;,0;,0;,0;,;,0;
22461,Duawutun,0;,8;,15;,0;,0;,0;,0;,20000;,0;,0;,0;,0;,0;,0;,0;,0;,0;,0;,0;,0;,0;,0;,0;,0;
22462,Duawutun,50;,0;,10;,0;,1;,0;,0;,20000;,10000;,60000;,0;,0;,0;,101000;,0;,0;,0;,0;,0;,0;,0;,0;,50;,0;
22463,Mahal,0;,10;,300;,0;,0;,0;,0;,0;,0;,0;,0;,0;,0;,0;,0;,0;,0;,0;,0;,0;,0;,0;,0;,;
22464,Duawutun,400;,5;,20;,2000;,0;,0;,0;,;,560000;,120000;,0;,0;,0;,0;,0;,100000;,0;,0;,40000;,0;,0;,0;,400;,0;
22465,Duawutun,0;,0;,0;,0;,0;,0;,0;,0;,0;,0;,0;,0;,0;,0;,0;,0;,0;,0;,0;,0;,0;,0;,0;,0;
22466,Duawutun,20;,0;,1;,0;,1;,0;,0;,300000;,20000;,0;,0;,0;,0;,52500;,0;,5000;,0;,0;,0;,0;,0;,0;,20;,0;
22467,Duawutun,0;,0;,0;,0;,0;,0;,0;,0;,0;,0;,0;,0;,0;,0;,0;,0;,0;,0;,0;,0;,0;,0;,;,0;
22468,Duawutun,0; 0;,0; 0;,0; 0;,0; 0;,0; 0;,0; 0;,0; 0;,0; 0;,0; 0;,0; 0;,0; 0;,0; 0;,0; 0;,0; 0;,0; 0;,0; 0;,0; 0;,0; 0;,0; 0;,0; 0;,0; 0;,0; 0;,0; 0;,0; 0;
22471,Duawutun,25;,0;,4;,0;,10;,0;,0;,300000;,0;,75000;,0;,0;,0;,0;,0;,0;,0;,0;,0;,0;,0;,0;,25;,0;
22473,Duawutun,0;,0;,0;,0;,0;,0;,0;,160000;,80000;,400000;,0;,0;,0;,0;,0;,0;,0;,0;,0;,0;,0;,0;,;,0;
22474,Duawutun,0;,0;,0;,0;,0;,0;,0;,0;,0;,0;,0;,0;,0;,0;,0;,0;,0;,0;,0;,0;,0;,0;,0;,0;
22475,Duawutun,50;,0;,5;,0;,0;,0;,0;,600000;,0;,65000;,0;,0;,0;,0;,0;,0;,0;,0;,0;,0;,0;,0;,50;,0;
22479,Duawutun,1200;,0;,5;,0;,0;,0;,0;,0;,0;,0;,0;,10000000;,0;,0;,0;,0;,0;,0;,0;,0;,0;,0;,;,10000;
22480,Duawutun,,,,,,,,,,,,,,,,,,,,,,,,
22481,Duawutun,10;,;,1;,;,1;,;,;,0;,0;,0;,0;,0;,0;,0;,0;,0;,0;,0;,0;,0;,0;,0;,10;,0;
22482,Duawutun,,,,,,,,,,,,,,,,,,,,,,,,
22483,Dikesare,0;,0;,0;,0;,0;,0;,0;,0;,0;,0;,0;,0;,0;,0;,0;,0;,0;,0;,0;,0;,0;,0;,0;,0;
22484,Duawutun,0;,3;,9;,0;,0;,0;,0;,0;,0;,0;,0;,0;,0;,0;,0;,0;,0;,0;,1;,0;,0;,0;,0;,0;
22485,Duawutun,0;,0;,0;,0;,0;,0;,0;,0;,0;,0;,0;,0;,0;,0;,0;,0;,0;,0;,0;,0;,0;,0;,0;,0;
22486,Duawutun,10;,0;,0;,0;,0;,0;,0;,60000;,40000;,20000;,0;,0;,0;,0;,0;,0;,0;,0;,0;,0;,0;,0;,10;,0;
22487,Duawutun,,,,,,,,,,,,,,,,,,,,,,,,
22488,Duawutun,0;,0;,1;,0;,0;,0;,0;,0;,0;,0;,0;,0;,0;,0;,0;,0;,0;,0;,0;,0;,0;,0;,0;,0;
22493,Labalimut,0;,0;,0;,0;,0;,0;,0;,0;,0;,0;,0;,0;,0;,0;,0;,0;,;,0;,0;,0;,0;,0;,;,1020;
22497,Pada,0;,5;,25;,0;,0;,0;,0;,0;,0;,0;,0;,0;,0;,0;,0;,0;,0;,0;,0;,0;,0;,0;,0;,;
22498,Labalimut,40;,20;,5;,50;,0;,0;,0;,0;,0;,0;,0;,0;,0;,0;,0;,0;,1440000;,0;,0;,0;,0;,0;,0;,0;
22500,Dulitukan,;,;,0;,170;,;,;,;,;,;,;,;,;,0;,;,;,;,;,;,;,;,;,;,;,;
22502,Nubamado,0;,120;,0;,0;,0;,0;,0;,0;,0;,0;,0;,0;,0;,0;,0;,0;,4000000;,0;,0;,240000;,0;,240000;,;,0;
22503,Pada,0;,50;,0;,500;,0;,0;,0;,400000;,0;,0;,0;,0;,0;,0;,0;,0;,0;,0;,0;,0;,0;,0;,0;,;
22504,Pada,0;,6;,40;,0;,0;,0;,0;,0;,0;,0;,0;,0;,0;,0;,0;,0;,0;,0;,0;,0;,0;,0;,0;,0;
22508,Riangbao,0;,0;,0;,0;,0;,0;,0;,0;,0;,0;,0;,0;,0;,0;,0;,0;,0;,0;,0;,0;,0;,0;,20000;,0;
22509,Riangbao,,,,,,,,,,,,,,,,,,,,,,,,
22510,Riangbao,,,,,,,,,,,,,,,,,,,,,,,,
22511,Riangbao,,,,,,,,,,,,,,,,,,,,,,,,
22512,Riangbao,,,,,,,,,,,,,,,,,,,,,,,,
22513,Riangbao,0;,200;,500;,0;,0;,0;,0;,0;,0;,0;,0;,0;,0;,0;,0;,0;,0;,0;,0;,0;,0;,0;,0;,0;
22514,Riangbao,,,,,,,,,,,,,,,,,,,,,,,,
22515,Riangbao,0;,50;,50;,;,;,;,;,;,;,;,;,;,;,;,;,;,;,;,;,;,;,;,;,;
22516,Riangbao,0;,0;,0;,0;,0;,0;,0;,0;,0;,0;,0;,0;,0;,0;,0;,0;,0;,0;,0;,0;,0;,0;,0;,0;
22517,Riangbao,;,;,250;,;,;,;,;,;,;,;,;,;,;,;,;,;,;,;,;,;,;,;,;,;
22518,Riangbao,,,,,,,,,,,,,,,,,,,,,,,,
22519,Riangbao,;,;,1000;,;,;,;,;,;,;,;,;,3000;,;,;,;,;,;,;,;,;,;,;,;,;
22522,Riangbao,,,,,,,,,,,,,,,,,,,,,,,,
22523,Riangbao,;,10;,20;,;,;,;,;,;,;,;,;,;,;,;,;,;,;,;,;,;,;,;,;,;
22524,Riangbao,,,,,,,,,,,,,,,,,,,,,,,,
22525,Riangbao,,,,,,,,,,,,,,,,,,,,,,,,
22526,Riangbao,;,500;,500;,;,;,;,;,160000;,;,;,;,;,;,;,;,;,;,;,;,;,;,;,;,;
22527,Riangbao,;,50;,12;,;,;,;,;,;,;,;,;,;,;,;,;,;,;,;,;,;,;,;,;,;
22529,Riangbao,;,160;,80;,100;,;,;,;,10000;,;,;,;,;,;,;,;,;,;,;,;,;,;,;,;,;
22530,Riangbao,;,100;,500;,;,;,;,;,120000;,;,;,150000;,5000000;,;,;,;,;,;,;,;,;,;,;,;,;
22531,Riangbao,,,,,,,,,,,,,,,,,,,,,,,,
22532,Riangbao,,,,,,,,,,,,,,,,,,,,,,,,
22534,Riangbao,;,250;,500;,;,;,;,;,160000;,;,;,;,15350000;,;,;,;,;,;,;,;,;,;,;,;,;
22535,Riangbao,;,;,;,;,;,;,;,;,;,;,;,;,;,;,;,;,;,;,;,;,;,;,;,;
22536,Riangbao,,,,,,,,,,,,,,,,,,,,,,,,
22538,Balauring,,,,,,,,,,,,,,,,,,,,,,,,
22540,Balauring,;,;,;,;,;,;,;,7200000;,;,;,;,;,;,;,;,;,;,;,;,;,;,;,;,;
22541,Balauring,;,;,;,;,;,;,;,7200000;,;,;,;,;,;,;,;,;,;,;,;,;,;,;,;,;
22542,Muruona,0;,40;,0;,20;,0;,0;,0;,0;,0;,0;,0;,0;,0;,0;,0;,0;,0;,0;,0;,0;,0;,0;,0;,0;
22543,Balauring,;,;,;,;,;,;,;,650000;,;,;,;,;,;,;,;,;,;,;,;,;,;,;,;,;
22544,Balauring,;,;,;,;,;,;,;,4800000;,;,;,;,;,;,;,;,;,;,;,;,;,;,;,;,;
22545,Muruona,,,,,,,,,,,,,,,,,,,,,,,,
22546,Riangbao,10;,0;,0;,0;,0;,0;,0;,10000;,0;,0;,0;,0;,20000;,0;,0;,0;,0;,0;,0;,0;,0;,5000;,;,100000;
22547,Balauring,;,;,;,;,;,;,;,;,;,;,;,;,;,;,;,;,;,;,;,;,;,;,;,;
22548,Muruona,0;,0;,0;,0;,0;,0;,0;,0;,0;,0;,0;,0;,0;,0;,0;,0;,0;,0;,0;,0;,0;,0;,0;,0;
22549,Balauring,; ;,; ;,; ;,; ;,; ;,; ;,; ;,3000000; 7200000;,; ;,; ;,; ;,; ;,; ;,; ;,; ;,; ;,; ;,; ;,; ;,; ;,; ;,; ;,; ;,; ;
22550,Balauring,;,;,;,;,;,;,;,8000000;,;,;,;,;,;,;,;,;,;,;,;,;,;,;,;,;
22551,Muruona,0;,20;,0;,0;,0;,0;,0;,0;,0;,0;,250000;,0;,0;,0;,0;,0;,0;,0;,0;,0;,0;,0;,0;,0;
22553,Pada,0;,5;,0;,150;,0;,0;,0;,0;,0;,0;,0;,0;,0;,0;,0;,0;,0;,0;,0;,0;,0;,0;,0;,;
22559,Pada,0;,0;,0;,0;,0;,0;,0;,0;,0;,0;,0;,0;,0;,0;,0;,0;,0;,0;,0;,0;,0;,0;,0;,;
22560,Muruona,0;,50;,0;,25;,0;,0;,0;,0;,0;,0;,100000;,0;,0;,0;,0;,0;,0;,0;,0;,0;,0;,0;,0;,-;
22561,Pada,0;,10;,150;,100;,0;,0;,0;,0;,0;,0;,0;,0;,0;,0;,0;,0;,0;,0;,0;,0;,0;,0;,0;,;
22566,Paubokol,50;,100;,60;,0;,80;,0;,0;,0;,0;,0;,0;,0;,0;,0;,0;,600000;,240000;,0;,0;,240000;,0;,0;,1150000;,0;
22567,Dulitukan,;,;,0;,;,;,;,;,;,;,;,;,;,2275000;,;,;,;,;,;,;,;,;,;,;,;
22568,Paubokol,0;,0;,0;,0;,0;,0;,0;,0;,0;,0;,0;,0;,0;,0;,0;,0;,0;,0;,0;,0;,0;,0;,0;,0;
22569,Nubamado,300;,50;,200;,0;,0;,0;,0;,0;,0;,150000;,900000;,7000000;,0;,00;,;,0;,200000;,0;,0;,240000;,0;,0;,4000000;,;
22570,Kalikur,0;,0;,150;,0;,0;,0;,0;,0;,0;,0;,1500000;,6000000;,25000;,20000;,0;,0;,5000;,5000;,0;,5000;,0;,0;,0;,45000;
22571,Bour,70;,1;,0;,70;,1;,0;,0;,300000;,300000;,65000;,100000;,0;,15000;,150000;,0;,50000;,0;,10000;,10000;,0;,0;,0;,460000;,0;
22572,Nubamado,250;,48;,100;,0;,0;,0;,0;,0;,0;,45000;,1000000;,0;,0;,0;,0;,0;,0;,0;,0;,0;,0;,0;,0;,0;
22573,Bour,0;,100;,30;,70;,0;,0;,0;,0;,0;,0;,0;,0;,0;,0;,0;,0;,0;,0;,0;,0;,0;,0;,0;,0;
22574,Pada,0;,100;,0;,100;,0;,0;,0;,0;,0;,0;,0;,0;,0;,0;,0;,0;,0;,0;,0;,0;,0;,0;,0;,;
22575,Pada,0;,0;,0;,0;,0;,0;,0;,0;,0;,0;,0;,0;,0;,0;,0;,0;,0;,0;,0;,0;,0;,0;,0;,;
22576,Muruona,0;,0;,100;,0;,0;,0;,0;,0;,0;,0;,0;,0;,0;,0;,0;,0;,0;,0;,0;,0;,0;,0;,0;,0;
22578,Kalikur,0;,0;,200;,0;,0;,0;,0;,0;,0;,0;,0;,4000000;,25000;,0;,0;,0;,0;,0;,0;,0;,0;,0;,0;,55000;
22579,Pada,0;,0;,0;,0;,0;,0;,0;,0;,0;,0;,0;,0;,0;,0;,0;,0;,0;,0;,0;,0;,0;,0;,0;,;
22580,Tubungwalang,20;,10;,50;,50;,10;,0;,0;,0;,0;,0;,0;,0;,0;,0;,0;,0;,50;,0;,0;,0;,0;,0;,50;,100000;
22582,Muruona,,,,,,,,,,,,,,,,,,,,,,,,
22583,Tubungwalang,30;,5;,25;,100;,120;,5;,3;,;,;,100000;,240000;,17500000;,80000;,120000;,10000;,20000;,120000;,35000;,20000;,50000;,35000;,50000;,330000;,500000;
22584,Kalikur,0;,0;,0;,0;,0;,0;,0;,0;,0;,0;,0;,0;,0;,0;,0;,0;,0;,0;,0;,0;,0;,0;,0;,50000;
22585,Muruona,0;,0;,0;,0;,0;,;,0;,600000;,0;,0;,0;,0;,0;,0;,0;,0;,0;,0;,0;,0;,0;,0;,0;,-;
22587,Nubamado,1250;,10;,100;,0;,0;,0;,0;,0;,0;,0;,300000;,10000000;,0;,50000;,0;,400000;,2000000;,20000;,20000;,20000;,20000;,20000;,2300000;,0;
22589,Nubamado,90;,80;,150;,0;,0;,0;,0;,0;,0;,0;,0;,0;,0;,0;,0;,0;,400000;,0;,0;,0;,0;,0;,575000;,0;
22591,Balauring,;,;,;,;,;,;,;,9600000;,;,;,;,;,;,;,;,;,;,;,;,;,;,;,;,;
22593,Bour,750;,250;,250;,0;,0;,0;,0;,0;,0;,0;,0;,10000000;,0;,0;,0;,0;,0;,0;,0;,0;,0;,0;,600000;,0;
22595,Balauring,,,,,,,,,,,,,,,,,,,,,,,,
22596,Balauring,,,,,,,,,,,,,,,,,,,,,,,,
22597,Bour,0;,0;,0;,0;,0;,0;,0;,600000;,0;,0;,0;,0;,0;,0;,0;,0;,0;,0;,0;,0;,0;,0;,0;,0;
22598,Balauring,,,,,,,,,,,,,,,,,,,,,,,,
22617,Merdeka,6;,;,;,;,;,;,;,;,;,;,;,30000;,;,0;,;,;,;,;,;,;,;,;,;,;
22618,Pada,0;,1000;,200;,0;,0;,0;,0;,0;,0;,0;,0;,0;,0;,0;,0;,0;,0;,0;,0;,0;,0;,0;,0;,;
22619,Muruona,0;,20;,0.5;,0.5;,0;,0;,0;,0;,0;,0;,700000;,0;,0;,0;,0;,0;,0;,0;,0;,0;,0;,0;,0;,0;
22620,Merdeka,;,;,;,4.5;,3.5;,;,;,;,;,;,;,;,;,;,50000;,50000;,15000;,;,;,10000;,10000;,;,;,;
22621,Kalikur,0;,0;,500;,0;,0;,0;,0;,0;,0;,0;,0;,0;,0;,0;,0;,0;,0;,0;,0;,0;,0;,0;,0;,37000;
22623,Pada,0;,0;,25;,0;,20;,0;,0;,0;,0;,0;,0;,0;,0;,0;,0;,0;,0;,0;,0;,0;,0;,0;,0;,;
22624,Pada,500;,25;,25;,0;,200;,0;,0;,;,;,;,;,;,;,600000;,;,500000;,;,;,;,;,;,;,0;,;
22625,Kalikur,0;,0;,1000;,0;,0;,0;,0;,0;,0;,0;,0;,0;,0;,0;,0;,0;,0;,0;,0;,0;,0;,0;,0;,30000;
22626,Tubungwalang,;,60;,360;,;,60;,;,;,;,;,;,1000000;,;,132000;,;,60000;,100000;,;,60000;,60000;,60000;,60000;,100000;,;,200000;
22628,Mahal,0;,0;,300;,0;,10;,0;,0;,0;,0;,0;,200000;,0;,0;,0;,0;,0;,0;,0;,0;,0;,0;,0;,0;,0;
22643,Pada,0;,20;,0;,50;,0;,0;,0;,0;,0;,0;,0;,0;,0;,0;,0;,0;,0;,0;,0;,0;,0;,0;,0;,;
22644,Pada,;,;,20;,20;,0;,0;,0;,;,;,;,;,;,;,;,;,;,;,;,;,;,;,;,;,;
22646,Dulitukan,; ;,; ;,; ;,; ;,20; 20;,; ;,; ;,; ;,; ;,; ;,; ;,; ;,; ;,; ;,; ;,; ;,; ;,; ;,; ;,; ;,; ;,; ;,; ;,; ;
22647,Dulitukan,;,;,;,;,;,;,;,;,;,;,;,;,5000000;,;,;,;,;,;,;,;,;,;,;,;
22648,Dulitukan,;,;,15;,;,;,;,;,;,;,;,;,;,4800000;,;,;,;,;,;,;,;,;,;,;,;
22651,Tubungwalang,200;,10;,5;,0;,0;,0;,5;,0;,0;,0;,0;,20000000;,0;,0;,0;,0;,600000;,0;,0;,0;,0;,0;,0;,250000;
22652,Dulitukan,;,;,;,;,;,;,;,3600000;,;,;,60000;,;,4500000;,;,;,;,;,;,;,;,;,;,;,;
22653,Tubungwalang,0;,20;,50;,0;,5;,0;,0;,0;,0;,0;,100000;,3500000;,0;,200000;,0;,0;,720000;,10000;,10000;,10000;,10000;,0;,2200000;,200000;
22654,Tubungwalang,0;,0;,5;,3;,2;,0;,0;,0;,0;,0;,300000;,0;,180000;,0;,0;,0;,180000;,0;,0;,0;,0;,0;,0;,300000;
22655,Tubungwalang,0;,120;,120;,0;,120;,0;,0;,420000;,420000;,300000;,720000;,0;,600000;,0;,300000;,300000;,0;,60000;,60000;,0;,0;,60000;,0;,120000;
22656,Dulitukan,;,;,50;,100;,;,;,;,;,;,;,;,;,3500000;,;,;,;,;,;,;,;,;,;,;,;
22657,Dulitukan,;,;,60;,40;,;,;,;,;,;,;,;,;,3750000;,;,;,;,;,;,;,;,;,;,;,;
22659,Muruona,0;,0;,100;,80;,240;,0;,0;,0;,0;,0;,140000;,0;,0;,0;,0;,0;,0;,0;,0;,0;,0;,600000;,0;,0;
22662,Tubuk Rajan,500;,824;,625;,;,;,;,;,;,;,;,120000;,40000000;,;,;,;,40000;,1000000;,5000;,10000;,50000;,;,;,;,;
22663,Puor,,,,,,,,,,,,,,,,,,,,,,,,
22664,Puor,,,,,,,,,,,,,,,,,,,,,,,,
22666,Tubungwalang,;,;,50;,;,;,;,;,;,;,;,;,;,;,;,;,;,;,;,;,;,;,;,;,100000;
22667,Tubungwalang,0;,3;,5;,0;,2;,0;,0;,0;,350000;,100000;,350000;,0;,180000;,0;,10000;,10000;,0;,0;,0;,0;,0;,0;,0;,;
22669,Puor,,,,,,,,,,,,,,,,,,,,,,,,
22670,Tubungwalang,0;,20;,0;,0;,5;,0;,0;,0;,0;,0;,0;,0;,0;,0;,0;,0;,50000;,50000;,50000;,50000;,50000;,0;,200000;,500000;
22673,Tubungwalang,0;,0;,500;,500;,100;,0;,0;,0;,0;,0;,0;,20000000;,0;,0;,0;,0;,200000;,200000;,200000;,0;,0;,0;,500000;,500000;
22674,Tubungwalang,,,,,,,,,,,,,,,,,,,,,,,,
22676,Tubungwalang,5;,0;,0;,0;,0;,0;,0;,0;,0;,0;,0;,0;,0;,0;,0;,0;,0;,0;,0;,0;,0;,0;,0;,;
22677,Tubungwalang,100;,0;,100;,0;,0;,0;,0;,0;,0;,0;,0;,0;,250000;,0;,0;,0;,500000;,0;,0;,0;,0;,0;,2000000;,1000000;
22678,Tubungwalang,40;,20;,50;,100;,;,;,;,;,;,50000;,500000;,10000000;,;,;,;,;,90000;,10000;,;,20000;,;,;,300000;,200000;
22679,Tubungwalang,0;,24;,60;,60;,36;,0;,0;,600000;,120000;,600000;,0;,300000;,120000;,120000;,120000;,600000;,0;,120000;,120000;,60000;,60000;,120000;,0;,0;
22680,Kalikur,0;,0;,0;,0;,0;,0;,0;,0;,0;,0;,0;,0;,0;,0;,0;,0;,0;,0;,0;,0;,0;,0;,0;,35000;
22681,Pada,;,1000;,1000;,1000;,0;,0;,0;,;,;,;,;,;,;,;,;,;,;,;,;,;,;,;,;,;
22682,Kalikur,0;,0;,50;,0;,0;,0;,0;,0;,0;,0;,0;,0;,0;,0;,0;,0;,0;,0;,0;,0;,0;,0;,0;,37000;
22683,Tubungwalang,0;,0;,36;,36;,0;,0;,0;,60000;,50000;,100000;,0;,0;,180000;,0;,100000;,100000;,0;,0;,0;,0;,0;,0;,0;,200000;
22687,Kalikur,0;,0;,60;,0;,0;,0;,0;,0;,0;,0;,50000;,0;,0;,0;,0;,0;,0;,0;,0;,0;,0;,0;,0;,50000;
22688,Kalikur,0;,0;,280;,0;,0;,0;,0;,0;,0;,50000;,1400000;,0;,0;,0;,0;,0;,0;,0;,0;,0;,0;,0;,0;,55000;
22690,Pada,,,,,,,,,,,,,,,,,,,,,,,,
22692,Nubamado,300;,20;,525;,0;,0;,0;,0;,0;,0;,0;,0;,0;,0;,0;,80000;,80000;,0;,80000;,80000;,80000;,0;,0;,0;,;
22693,Pada,0;,0;,0;,100;,0;,0;,0;,0;,0;,0;,0;,0;,0;,0;,0;,0;,0;,0;,0;,;,0;,0;,0;,;
22694,Muruona,0;,0;,0;,0;,0;,0;,0;,0;,0;,0;,0;,0;,0;,0;,0;,0;,0;,0;,0;,0;,0;,12000;,0;,0;
22695,Muruona,0;,20;,0;,0;,0;,0;,0;,5400000;,360000;,0;,500000;,0;,0;,0;,0;,120000;,0;,120000;,0;,0;,0;,0;,0;,0;
22696,Paubokol,2000;,400;,300;,0;,0;,0;,0;,0;,0;,0;,0;,0;,0;,0;,0;,240000;,120000;,120000;,120000;,120000;,120000;,120000;,6900000;,0;
22697,Muruona,0;,60;,0;,40;,0;,0;,0;,0;,0;,0;,0;,0;,0;,0;,0;,0;,0;,0;,0;,0;,0;,20000;,0;,0;
22698,Paubokol,200;,400;,60;,0;,0;,0;,0;,0;,0;,0;,0;,0;,0;,0;,240000;,240000;,120000;,120000;,120000;,120000;,120000;,120000;,4140000;,0;
22700,Puor,;,;,;,;,;,;,;,;,;,;,;,;,;,;,;,;,;,;,;,;,;,;,;,;
22701,Pada,,,,,,,,,,,,,,,,,,,,,,,,
22702,Pada,0;,0;,0;,0;,0;,0;,0;,0;,0;,0;,0;,0;,0;,0;,0;,0;,0;,0;,0;,0;,0;,0;,0;,;
22703,Muruona,0;,20;,20;,20;,0;,0;,0;,0;,0;,0;,300000;,0;,0;,0;,0;,0;,0;,0;,0;,0;,0;,0;,0;,0;
22704,Puor,,,,,,,,,,,,,,,,,,,,,,,,
22705,Kalikur,0; 0;,0; 0;,60; 60;,0; 0;,0; 0;,0; 0;,0; 0;,0; 0;,0; 0;,0; 0;,50000; 0;,2500000; 0;,0; 0;,0; 0;,0; 0;,0; 0;,0; 0;,0; 0;,0; 0;,0; 0;,0; 0;,0; 0;,0; 0;,40000; 50000;
22706,Kalikur,0;,0;,350;,150;,0;,0;,0;,150000;,0;,0;,0;,0;,0;,0;,0;,0;,0;,0;,0;,0;,0;,0;,0;,37000;
22707,Muruona,0;,0;,0;,0;,0;,0;,0;,0;,0;,0;,5040000;,0;,0;,0;,0;,0;,0;,0;,0;,240000;,0;,0;,0;,0;
22708,Pada,0;,0;,20;,0;,0;,0;,0;,0;,0;,0;,0;,0;,0;,0;,0;,0;,0;,0;,0;,0;,0;,0;,0;,;
22709,Paubokol,2000;,200;,600;,0;,0;,0;,0;,0;,0;,0;,0;,0;,0;,0;,0;,240000;,120000;,120000;,120000;,120000;,120000;,120000;,4830000;,0;
22710,Pada,,,,,,,,,,,,,,,,,,,,,,,,
22711,Hoelea I,0;,0;,25;,17;,0;,0;,0;,0;,0;,0;,250000;,15000000;,0;,0;,0;,0;,0;,0;,0;,0;,0;,0;,0;,0;
22712,Muruona,0;,80;,50;,50;,0;,0;,0;,0;,0;,0;,500000;,0;,0;,0;,0;,0;,0;,0;,0;,0;,0;,0;,0;,0;
22713,Kalikur,0;,0;,170;,30;,0;,0;,0;,0;,0;,0;,0;,0;,0;,0;,0;,0;,0;,0;,0;,0;,0;,0;,0;,37000;
22714,Lamatuka,100;,0;,100;,0;,0;,0;,0;,300000;,0;,0;,0;,0;,0;,0;,0;,0;,400000;,0;,0;,0;,0;,0;,0;,0;
22715,Paubokol,0;,0;,0;,0;,0;,0;,0;,0;,0;,0;,0;,0;,0;,0;,0;,0;,0;,0;,0;,0;,0;,0;,0;,0;
22716,Muruona,0;,0;,40;,60;,0;,0;,0;,0;,0;,0;,1375000;,0;,0;,0;,0;,0;,0;,120000;,120000;,120000;,120000;,0;,0;,0;
22717,Hoelea I,0;,0;,21;,0;,0;,0;,0;,0;,0;,0;,0;,6000000;,0;,0;,0;,0;,0;,0;,0;,0;,0;,0;,0;,0;
22718,Kalikur,0;,8;,200;,0;,0;,0;,0;,0;,0;,0;,0;,0;,0;,0;,0;,0;,0;,0;,0;,0;,0;,0;,0;,50000;
22719,Paubokol,720;,1200;,30;,0;,0;,0;,0;,0;,0;,0;,0;,0;,0;,0;,0;,240000;,120000;,120000;,120000;,120000;,120000;,120000;,5520000;,0;
22720,Hoelea I,0;,0;,29;,0;,0;,0;,0;,0;,0;,0;,150000;,13000000;,0;,0;,0;,0;,0;,0;,0;,0;,0;,0;,0;,0;
22721,Paubokol,320;,200;,80;,0;,0;,0;,0;,0;,0;,0;,0;,0;,0;,0;,0;,240000;,120000;,120000;,120000;,120000;,120000;,180000;,2760000;,0;
22723,Bour,0;,20;,0;,0;,0;,0;,0;,60000;,0;,50000;,0;,0;,0;,0;,0;,0;,0;,0;,0;,0;,0;,0;,200000;,0;
22724,Bour,100;,100;,250;,100;,0;,0;,0;,0;,0;,0;,0;,0;,0;,0;,0;,0;,0;,0;,0;,0;,0;,0;,0;,0;
22725,Bour,100;,100;,250;,100;,0;,0;,0;,0;,0;,0;,0;,0;,0;,0;,0;,0;,0;,0;,0;,0;,0;,0;,0;,0;
22726,Bour,1500;,25;,0;,0;,0;,0;,0;,0;,0;,0;,0;,18000000;,0;,0;,0;,100000;,0;,0;,0;,0;,0;,75000;,0;,0;
22727,Hoelea I,0;,0;,63;,0;,0;,0;,0;,0;,0;,0;,50000;,1000000;,50000;,0;,0;,0;,0;,10000;,10000;,10000;,10000;,0;,0;,0;
22728,Bour,720;,960;,300;,200;,0;,0;,0;,80000;,40000;,10000;,0;,0;,0;,;,0;,0;,0;,0;,0;,;,;,0;,;,;
22730,Hoelea I,0;,0;,25;,17;,0;,0;,0;,0;,0;,0;,100000;,0;,0;,0;,0;,0;,0;,0;,0;,0;,0;,0;,0;,0;
22731,Tubungwalang,;,5;,150;,100;,50;,;,;,;,;,;,900000;,12000000;,80000;,12000;,;,15000;,200000;,20000;,;,10000;,10000;,;,400000;,;
22732,Puor,;,;,;,;,;,;,;,;,;,;,;,;,;,;,;,;,4000000;,;,;,;,;,;,1500000;,;
22734,Muruona,0;,100;,80;,40;,0;,0;,0;,0;,0;,0;,400000;,0;,0;,0;,0;,0;,0;,120000;,0;,20000;,0;,0;,0;,0;
22735,Puor,,,,,,,,,,,,,,,,,,,,,,,,
22736,Muruona,0;,40;,100;,20;,0;,0;,0;,600000;,0;,0;,0;,0;,0;,0;,0;,0;,0;,0;,0;,0;,0;,50000;,0;,0;
22737,Puor,,,,,,,,,,,,,,,,,,,,,,,,
22738,Puor,,,,,,,,,,,,,,,,,,,,,,,,
22739,Paubokol,0;,0;,0;,0;,0;,0;,0;,0;,0;,0;,0;,0;,0;,0;,240000;,120000;,180000;,180000;,180000;,120000;,120000;,120000;,0;,0;
22740,Kalikur,0;,0;,500;,0;,0;,0;,0;,0;,0;,0;,0;,0;,0;,0;,0;,0;,0;,0;,0;,0;,0;,0;,0;,35000;
22741,Kalikur,0;,10;,80;,0;,5;,0;,0;,100000;,0;,0;,200000;,4000000;,0;,0;,0;,0;,0;,0;,0;,0;,0;,0;,0;,;
22742,Kalikur,,,,,,,,,,,,,,,,,,,,,,,,
22743,Kalikur,0;,10;,40;,0;,0;,0;,0;,0;,0;,0;,0;,0;,0;,0;,0;,0;,0;,0;,0;,0;,0;,0;,0;,50000;
22744,Kalikur,,,,,,,,,,,,,,,,,,,,,,,,
22745,Paubokol,1000;,200;,200;,0;,0;,0;,0;,0;,0;,0;,0;,0;,0;,0;,0;,240000;,120000;,120000;,120000;,120000;,120000;,120000;,4140000;,0;
22746,Riangbao,,,,,,,,,,,,,,,,,,,,,,,,
22747,Kalikur,0;,0;,80;,0;,0;,0;,0;,0;,0;,0;,50000;,2000000;,0;,0;,0;,0;,0;,0;,0;,0;,0;,0;,0;,30000;
22748,Kalikur,0;,0;,200;,0;,0;,0;,0;,0;,0;,0;,0;,0;,0;,0;,0;,0;,0;,0;,0;,0;,0;,0;,0;,35000;
22749,Bour,0;,0;,0;,0;,0;,0;,0;,0;,0;,0;,0;,0;,0;,0;,0;,40000;,0;,0;,0;,0;,0;,0;,100000;,0;
22751,Kalikur,0;,0;,0;,0;,0;,0;,0;,0;,0;,0;,0;,0;,0;,0;,0;,0;,0;,0;,0;,0;,0;,0;,0;,35000;
22752,Kalikur,0;,0;,70;,0;,0;,0;,0;,0;,0;,0;,0;,0;,50000;,0;,0;,0;,0;,0;,0;,0;,0;,0;,0;,55000;
22753,Riangbao,,,,,,,,,,,,,,,,,,,,,,,,
22754,Lolong,100;,50;,100;,0;,25;,0;,0;,0;,0;,0;,0;,0;,0;,0;,0;,40000;,1000000;,20000;,20000;,100000;,20000;,75000;,0;,0;
22755,Tubuk Rajan,125;,250;,500;,;,250;,;,;,;,;,;,120000;,15000000;,;,;,;,40000;,1000000;,30000;,50000;,30000;,;,;,;,;
22756,Lolong,200;,100;,200;,0;,25;,0;,0;,0;,0;,0;,0;,0;,0;,0;,0;,45000;,1000000;,5.000;,0;,0;,0;,150000;,0;,0;
22757,Lolong,240;,0;,240;,0;,0;,0;,0;,0;,0;,0;,0;,0;,792000;,600000;,0;,0;,300000;,0;,0;,0;,0;,0;,0;,0;
22758,Pada,0;,500;,0;,0;,0;,0;,0;,0;,0;,0;,0;,0;,0;,0;,0;,0;,0;,0;,0;,0;,0;,0;,0;,;
22759,Lolong,100;,0;,100;,0;,0;,0;,0;,0;,0;,120000;,300000;,0;,0;,90000;,0;,0;,270000;,120000;,0;,40000;,0;,0;,0;,0;
22760,Pada,,,,,,,,,,,,,,,,,,,,,,,,
22761,Lolong,0;,0;,15;,0;,2;,0;,0;,300000;,0;,0;,0;,0;,0;,0;,0;,0;,0;,10000;,0;,5000;,0;,60000;,0;,0;
22762,Puor,,,,,,,,,,,,,,,,,,,,,,,,
22763,Pada,0;,280;,0;,0;,0;,0;,0;,0;,0;,0;,0;,0;,0;,0;,0;,0;,0;,0;,0;,0;,0;,0;,0;,;
22764,Lamatuka,200;,80;,100;,200;,0;,0;,0;,0;,0;,0;,250000;,0;,1250000;,0;,0;,0;,1500000;,0;,0;,0;,0;,0;,330000;,0;
22765,Riangbao,,,,,,,,,,,,,,,,,,,,,,,,
22766,Puor,;,;,;,;,;,;,;,;,;,;,;,;,;,;,;,;,3000000;,;,;,;,;,;,1200000;,1500000;
22768,Tubungwalang,0;,0;,250;,0;,5;,0;,0;,0;,0;,0;,0;,0;,5000;,0;,0;,0;,200000;,0;,0;,0;,0;,0;,0;,500000;
22770,Lamatuka,50;,25;,200;,50;,0;,0;,0;,0;,0;,0;,0;,0;,0;,0;,0;,0;,0;,72000;,0;,72000;,0;,0;,0;,0;
22773,Lolong,0;,0;,8;,0;,20;,0;,0;,0;,0;,0;,200;,0;,200000;,0;,0;,0;,720000;,200000;,0;,100000;,20000;,300000;,0;,0;
22774,Tubungwalang,0;,24;,300;,300;,24;,0;,0;,600000;,240000;,240000;,0;,0;,240000;,0;,0;,0;,60000;,60000;,60000;,60000;,60000;,120000;,0;,1000000;
22775,Tubungwalang,0;,0;,2000;,0;,0;,0;,0;,0;,0;,0;,0;,0;,0;,0;,0;,0;,0;,0;,0;,0;,0;,0;,0;,;
22776,Tubungwalang,0;,0;,20;,0;,0;,0;,0;,360000;,720000;,360000;,0;,0;,0;,0;,180000;,180000;,0;,180000;,180000;,180000;,180000;,300000;,0;,;
22777,Lolong,50;,24;,50;,0;,0;,0;,0;,0;,0;,60000;,0;,0;,0;,0;,0;,0;,0;,10000;,0;,0;,20000;,0;,0;,0;
22778,Lolong,80;,50;,50;,0;,0;,0;,0;,0;,0;,0;,0;,0;,0;,0;,120000;,0;,0;,100000;,20000;,20000;,20000;,75000;,0;,0;
22781,Lolong,100;,75;,100;,0;,10;,0;,0;,0;,0;,0;,0;,0;,0;,0;,0;,35000;,0;,20000;,20000;,100000;,;,20000;,0;,0;
22782,Lolong,,,,,,,,,,,,,,,,,,,,,,,,
22783,Tubuk Rajan,350;,;,;,;,;,;,;,;,;,;,;,9000000;,;,;,;,;,;,;,;,;,;,;,;,;
22784,Lolong,20;,50;,50;,0;,0;,0;,0;,0;,0;,0;,0;,0;,0;,0;,0;,0;,0;,0;,0;,0;,0;,0;,400000;,0;
22785,Tubungwalang,0;,0;,300;,0;,0;,0;,0;,0;,0;,0;,0;,0;,0;,0;,0;,0;,0;,0;,0;,0;,0;,0;,200000;,200000;
22787,Lamatuka,0;,50;,0;,0;,0;,0;,0;,0;,0;,0;,0;,5000000;,0;,0;,0;,0;,700000;,0;,0;,0;,0;,0;,0;,0;
22788,Lolong,0;,30;,20;,0;,0;,0;,0;,0;,0;,0;,0;,0;,0;,0;,0;,0;,0;,0;,0;,0;,0;,0;,400000;,0;
22789,Lolong,100;,100;,250;,0;,0;,0;,0;,0;,0;,60000;,300000;,0;,0;,0;,40000;,40000;,600000;,0;,0;,0;,0;,60000;,0;,0;
22790,Lolong,25;,60;,25;,0;,0;,0;,0;,0;,0;,0;,0;,0;,0;,0;,0;,0;,120000;,60000;,60000;,300000;,0;,0;,1000000;,0;
22791,Lolong,0;,0;,0;,0;,0;,0;,0;,0;,0;,0;,0;,0;,0;,0;,0;,0;,0;,0;,0;,0;,0;,0;,0;,0;
22792,Lamatuka,50;,300;,250;,0;,0;,0;,0;,0;,0;,60000;,0;,0;,0;,0;,0;,0;,240000;,240000;,240000;,240000;,240000;,0;,0;,-;
22793,Bour,0;,50;,80;,200;,0;,0;,0;,0;,0;,0;,500000;,0;,0;,0;,0;,10000;,0;,0;,0;,0;,10000;,0;,0;,0;
22794,Bour,0;,100;,10;,0;,0;,0;,0;,0;,0;,0;,0;,0;,0;,0;,0;,45000;,0;,0;,0;,0;,0;,0;,200000;,0;
22795,Lolong,0;,3;,10;,0;,0;,0;,0;,0;,0;,0;,0;,0;,0;,0;,0;,0;,16;,0;,0;,0;,0;,0;,0;,0;
22796,Lolong,0;,10;,0;,0;,0;,0;,0;,0;,0;,0;,0;,0;,0;,0;,0;,0;,0;,0;,0;,0;,0;,0;,0;,0;
22797,Lolong,240;,240;,240;,0;,0;,0;,0;,0;,0;,0;,0;,0;,0;,0;,0;,0;,2400000;,0;,0;,0;,0;,0;,1000000;,0;
22798,Lolong,50;,75;,10;,0;,0;,0;,0;,300000;,100000;,90000;,300000;,0;,0;,0;,0;,5000;,0;,5000;,0;,10000;,10000;,15000;,0;,0;
22799,Tubuk Rajan,,,,,,,,,,,,,,,,,,,,,,,,
22800,Kalikur,0;,0;,0;,0;,0;,0;,0;,0;,0;,0;,0;,0;,0;,0;,0;,0;,0;,0;,0;,0;,0;,0;,0;,30000;
22801,Kalikur,0;,0;,0;,0;,0;,0;,0;,0;,0;,0;,0;,0;,0;,0;,0;,0;,0;,0;,0;,0;,0;,0;,0;,45000;
22802,Lolong,30;,20;,30;,0;,0;,0;,0;,0;,0;,0;,0;,0;,0;,0;,0;,0;,600000;,0;,0;,0;,0;,0;,0;,0;
22803,Lolong,100;,30;,50;,0;,0;,0;,0;,250000;,0;,0;,200000;,0;,0;,0;,0;,25000;,0;,15000;,0;,50000;,0;,0;,900000;,0;
22804,Labalimut,0;,0;,0;,0;,0;,0;,0;,0;,0;,0;,0;,0;,0;,0;,0;,0;,0;,0;,0;,0;,0;,0;,0;,0;
22805,PADA,0;,0;,0;,0;,0;,0;,0;,0;,0;,0;,0;,0;,0;,0;,0;,0;,;,0;,0;,0;,0;,0;,0;,;
22806,Lolong,0;,3;,0;,0;,0;,0;,0;,0;,0;,0;,0;,0;,0;,0;,480000;,0;,0;,30000;,50000;,15000;,0;,0;,0;,0;
22807,Kalikur,0;,0;,650;,0;,0;,0;,0;,0;,0;,0;,0;,0;,0;,0;,0;,0;,0;,0;,0;,0;,0;,0;,0;,40000;
22808,Lolong,10;,50;,10;,0;,0;,0;,0;,0;,0;,0;,0;,0;,0;,0;,0;,0;,0;,60000;,0;,0;,0;,0;,1000000;,0;
22809,Lolong,50;,40;,50;,0;,0;,0;,0;,0;,0;,0;,0;,0;,0;,0;,0;,0;,0;,0;,0;,20000;,0;,0;,0;,0;
22810,Puor,0;,0;,0;,0;,0;,0;,0;,0;,0;,0;,0;,0;,0;,0;,0;,750000;,0;,0;,250000;,200000;,200000;,0;,0;,0;
22812,Kalikur,0;,0;,0;,0;,0;,0;,0;,0;,0;,0;,120000;,2000000;,300000;,0;,0;,0;,0;,0;,0;,0;,0;,0;,0;,55000;
22813,Bour,0;,0;,0;,0;,0;,0;,0;,0;,0;,0;,0;,0;,0;,0;,0;,0;,0;,0;,0;,0;,0;,0;,0;,0;
22814,Bour,0;,0;,0;,0;,0;,0;,0;,0;,0;,0;,0;,0;,0;,0;,0;,0;,0;,0;,0;,0;,0;,0;,0;,0;
22815,Nubamado,100;,0;,15;,0;,0;,0;,0;,0;,0;,270000;,1000000;,0;,0;,0;,0;,120000;,0;,120000;,60000;,120000;,120000;,0;,0;,0;
22816,Lolong,100;,100;,100;,0;,0;,0;,0;,0;,0;,0;,500000;,0;,0;,0;,0;,90000;,500000;,0;,0;,0;,0;,0;,0;,0;
22817,Kalikur,0;,0;,0;,150;,0;,0;,0;,0;,0;,0;,0;,0;,0;,0;,0;,0;,0;,0;,0;,0;,0;,0;,0;,50000;
22818,Lolong,0;,4;,4;,0;,4;,0;,0;,0;,0;,0;,0;,0;,0;,0;,0;,0;,0;,0;,0;,0;,0;,0;,0;,0;
22819,Lolong,10;,10;,25;,0;,0;,0;,0;,0;,0;,0;,0;,0;,0;,0;,0;,0;,24000;,10000;,0;,0;,0;,0;,0;,0;
22821,Merdeka,;,;,7;,;,2;,;,;,;,;,;,;,;,;,;,;,;,;,;,;,;,;,;,15000;,;
22822,Kalikur,0;,0;,0;,0;,0;,0;,0;,70000;,0;,0;,0;,0;,0;,0;,0;,0;,0;,0;,0;,0;,0;,0;,0;,50000;
22823,Pada,0;,0;,0;,0;,0;,0;,0;,0;,0;,0;,0;,0;,0;,0;,0;,0;,0;,0;,0;,0;,0;,0;,0;,;
22824,Lolong,20;,1;,10;,0;,0;,0;,0;,0;,0;,0;,0;,0;,0;,0;,0;,0;,96000;,20000;,20000;,0;,0;,0;,900000;,0;
22825,Bour,200;,100;,500;,0;,5;,0;,0;,0;,0;,48000;,100000;,8000000;,0;,0;,0;,0;,0;,5000;,0;,20000;,5000;,0;,600000;,0;
22826,Pada,0;,200;,100;,0;,0;,0;,0;,30000;,0;,0;,0;,0;,100000;,0;,0;,0;,0;,0;,0;,0;,0;,0;,0;,;
22827,Kalikur,0;,0;,0;,0;,0;,0;,0;,0;,0;,0;,0;,0;,0;,0;,0;,0;,0;,0;,0;,0;,0;,0;,0;,50000;
22828,Bour,0;,75;,0;,0;,0;,0;,0;,0;,0;,0;,0;,0;,0;,0;,0;,0;,0;,0;,0;,0;,0;,0;,60.000;,0;
22829,Lolong,0;,0;,0;,0;,0;,0;,0;,200000;,50000;,75000;,0;,0;,0;,0;,0;,70000;,0;,2500;,2500;,15000;,0;,0;,0;,0;
22830,Kalikur,0;,0;,30;,0;,0;,0;,0;,0;,0;,0;,0;,0;,0;,0;,0;,0;,0;,0;,0;,0;,0;,0;,0;,50000;
22831,Dulitukan,;,;,;,50;,;,;,;,;,;,;,;,;,50;,;,;,;,;,;,;,;,;,;,;,;
22832,Dulitukan,;,;,75;,75;,;,;,;,;,;,;,;,;,40;,;,;,;,;,;,;,;,;,;,;,;
22833,Dulitukan,;,;,20;,20;,;,;,;,;,;,;,;,;,2500000;,;,;,;,;,;,;,;,;,;,;,;
22834,Bour,0;,25;,0;,0;,0;,0;,0;,0;,0;,0;,0;,0;,0;,0;,60000;,60000;,0;,0;,0;,50000;,0;,0;,0;,0;
22835,Dulitukan,;,;,;,50;,;,;,;,;,;,;,;,;,2250000;,;,;,;,;,;,;,;,;,;,;,;
22836,Tubuk Rajan,,,,,,,,,,,,,,,,,,,,,,,,
22837,Lamatuka,144;,0;,48;,0;,0;,0;,0;,0;,0;,0;,0;,0;,0;,0;,0;,0;,0;,0;,0;,0;,0;,0;,0;,-;
22838,Tubuk Rajan,500;,140;,600;,;,;,;,;,;,;,;,;,1500000;,;,125000;,;,;,;,20000;,20000;,20000;,20000;,;,;,30000;
22839,Lamatuka,10;,200;,200;,0;,0;,0;,0;,200000;,0;,0;,300000;,0;,0;,0;,0;,0;,2000000;,0;,0;,0;,0;,0;,0;,0;
22840,Dulitukan,;,;,75;,12.5;,;,;,;,;,;,;,;,;,775000;,;,;,;,;,;,;,;,;,;,;,;
22841,Lamatuka,40;,200;,150;,0;,0;,0;,0;,0;,0;,60000;,0;,0;,0;,0;,0;,0;,1000000;,60000;,0;,30000;,0;,0;,0;,-;
22842,Hoelea I,0;,0;,25;,0;,0;,0;,0;,83;,0;,0;,400000;,3000000;,0;,0;,0;,0;,0;,10000;,10000;,10000;,10000;,0;,0;,0;
22844,Dulitukan,;,;,;,64;,;,;,;,;,;,;,;,;,3000000;,;,;,;,;,;,;,;,;,;,;,;
22845,Tubuk Rajan,500;,100;,100;,;,100;,;,;,;,;,;,;,5000000;,;,;,;,20000;,;,5000;,5000;,5000;,5000;,;,;,;
22846,Lamatuka,100;,500;,220;,60;,5;,0;,0;,0;,0;,400000;,600000;,15000000;,0;,0;,0;,0;,8000000;,0;,0;,0;,0;,0;,500000;,0;
22847,Hoelea I,0;,0;,42;,0;,0;,0;,0;,0;,0;,0;,100000;,0;,0;,0;,0;,0;,0;,0;,0;,0;,0;,0;,110000;,0;
22848,Hoelea I,0;,0;,21;,0;,0;,0;,0;,0;,0;,0;,250000;,0;,0;,500000;,0;,0;,0;,0;,0;,0;,0;,0;,0;,0;
22850,Hoelea I,0;,0;,83;,0;,0;,0;,0;,0;,0;,0;,0;,0;,0;,0;,0;,0;,0;,0;,0;,0;,0;,0;,286000;,0;
22851,Hoelea I,0;,0;,25;,0;,0;,0;,0;,0;,0;,0;,1250000;,1000000;,0;,0;,0;,0;,12;,0;,0;,0;,0;,0;,0;,0;
22852,Hoelea I,0;,0;,0;,0;,0;,0;,0;,0;,0;,0;,50000;,0;,0;,0;,0;,0;,0;,0;,0;,0;,0;,0;,0;,0;
22853,Hoelea I,0;,0;,46;,0;,0;,0;,0;,0;,0;,0;,0;,3000000;,0;,36000;,0;,0;,8;,0;,0;,0;,0;,0;,0;,0;
22854,Hoelea I,0;,0;,42;,0;,0;,0;,0;,0;,0;,0;,1000000;,3000000;,0;,40000;,0;,0;,0;,10000;,10000;,5000;,10000;,0;,0;,0;
22855,Hoelea I,0;,0;,42;,0;,0;,0;,0;,0;,0;,0;,100000;,17000000;,0;,0;,0;,0;,0;,10000;,10000;,5000;,10000;,0;,0;,0;
22856,Hoelea I,0;,0;,42;,0;,0;,0;,0;,0;,0;,0;,150000;,1000000;,0;,0;,0;,30000;,0;,10000;,10000;,10000;,10000;,0;,550000;,0;
22857,Hoelea I,0;,5;,63;,21;,5;,0;,0;,0;,0;,0;,600000;,8000000;,0;,0;,;,0;,0;,10000;,10000;,5000;,10000;,0;,0;,0;
22858,Hoelea I,0;,0;,25;,0;,0;,0;,0;,0;,0;,0;,500000;,3000000;,0;,0;,0;,0;,0;,0;,0;,0;,0;,0;,374000;,0;
22859,Hoelea I,0;,3;,42;,0;,5;,0;,0;,0;,0;,0;,100000;,2000000;,5;,0;,0;,0;,0;,10000;,0;,0;,0;,0;,220000;,0;
22860,Hoelea I,0;,0;,71;,0;,0;,0;,0;,0;,0;,0;,200000;,0;,0;,0;,0;,0;,0;,0;,0;,0;,0;,0;,0;,0;
22861,Hoelea I,0;,0;,33;,0;,5;,0;,0;,0;,0;,0;,350000;,2000000;,0;,0;,0;,0;,0;,10000;,10000;,10000;,10000;,0;,0;,0;
22862,Hoelea I,0;,0;,83;,0;,0;,0;,0;,0;,0;,0;,0;,0;,0;,0;,0;,0;,0;,0;,0;,0;,0;,0;,0;,0;
22863,Hoelea I,0;,0;,0;,0;,0;,0;,0;,0;,0;,0;,350000;,0;,0;,0;,0;,0;,0;,0;,0;,0;,0;,0;,0;,0;
22864,Pada,,,,,,,,,,,,,,,,,,,,,,,,
22865,Puor,;,;,;,;,;,;,;,;,;,;,;,;,;,;,;,;,4500000;,;,;,;,;,;,;,;
22866,Puor,,,,,,,,,,,,,,,,,,,,,,,,
22867,Puor,;,;,;,;,;,;,;,;,;,;,;,;,;,;,;,;,5400000;,;,;,;,;,;,;,;
22868,Puor,,,,,,,,,,,,,,,,,,,,,,,,
22869,Puor,,,,,,,,,,,,,,,,,,,,,,,,
22871,Muruona,0;,0;,20;,20;,20;,0;,0;,0;,0;,0;,500000;,0;,0;,0;,0;,0;,0;,0;,0;,0;,0;,0;,0;,0;
22872,Muruona,0;,20;,0;,0;,0;,0;,0;,0;,0;,0;,575000;,0;,0;,0;,0;,0;,0;,120000;,0;,120000;,0;,0;,0;,0;
22876,Muruona,0;,20;,100;,60;,0;,0;,0;,0;,0;,0;,500000;,0;,0;,0;,0;,0;,0;,0;,0;,0;,0;,0;,0;,0;
22887,Benihading,0;,0;,0;,16.7;,0;,0;,0;,0;,0;,0;,134000;,2000000;,0;,0;,0;,0;,17000;,0;,0;,0;,0;,0;,0;,0;
22892,Benihading,0;,20.8;,29.1;,0;,4.1;,0;,0;,0;,0;,0;,20000;,499600;,0;,0;,0;,0;,0;,0;,0;,0;,0;,0;,45700;,500000;
22893,Benihading,0;,5;,50;,50;,0;,0;,0;,0;,0;,0;,75000;,0;,0;,0;,0;,0;,0;,0;,0;,0;,0;,0;,0;,0;
22909,Muruona,0;,60;,0;,20;,0;,0;,0;,0;,0;,0;,375000;,0;,0;,0;,0;,0;,0;,0;,0;,0;,0;,0;,0;,0;
22910,Bour,0;,0;,0;,0;,0;,0;,0;,1500000;,0;,0;,0;,0;,0;,40000;,0;,0;,0;,0;,0;,0;,0;,0;,0;,0;
22911,Mahal,0;,0;,0;,0;,10;,0;,0;,0;,0;,0;,0;,0;,0;,0;,100000;,100000;,20000;,20000;,20000;,10000;,10000;,5000;,0;,0;
22912,Benihading,0;,5;,20;,20;,0;,0;,0;,0;,0;,40000;,75000;,0;,0;,0;,100000;,0;,100000;,0;,0;,0;,0;,0;,150000;,150000;
22913,Bour,0;,0;,0;,0;,0;,0;,0;,0;,0;,0;,0;,0;,0;,0;,0;,0;,0;,0;,0;,0;,0;,0;,0;,0;
22919,Bour,;,0;,1000;,0;,0;,0;,0;,0;,0;,0;,0;,0;,0;,0;,0;,0;,0;,0;,0;,0;,0;,0;,0;,0;
22920,Mahal,0;,0;,50;,0;,0;,0;,0;,0;,0;,0;,0;,0;,0;,0;,0;,5000;,500000;,0;,0;,0;,0;,0;,0;,0;
22926,Bour,0;,0;,0;,0;,0;,0;,0;,0;,0;,0;,0;,3.500000;,0;,0;,0;,0;,0;,0;,0;,0;,0;,0;,0;,;
22943,Benihading,15;,5;,20;,0;,0;,0;,0;,0;,0;,0;,0;,0;,0;,0;,0;,30000;,30000;,15000;,0;,0;,0;,0;,0;,0;
22944,Bour,0;,10;,0;,0;,0;,0;,0;,300000;,0;,0;,160000;,900000;,0;,0;,0;,0;,0;,0;,0;,50000;,0;,0;,0;,0;
22953,Benihading,2.08;,16.6;,12.5;,0;,1.6;,0;,0;,0;,0;,0;,0;,499000;,0;,75000;,0;,10000;,0;,0;,20000;,0;,0;,0;,18330;,0;
22962,Puor,;,120;,24;,24;,;,;,;,;,;,;,;,;,;,;,;,;,;,;,;,;,;,;,;,;
22963,Benihading,5;,1;,3.5;,0;,6.9;,0;,0;,0;,0;,45000;,90000;,1000000;,0;,0;,0;,40000;,37500;,3333;,3333;,0;,0;,0;,0;,0;
22964,Benihading,0;,0;,100;,100;,0;,0;,0;,0;,0;,50000;,75000;,1300000;,0;,0;,0;,0;,0;,0;,0;,0;,0;,0;,0;,0;
22970,Bour,0;,0;,0;,0;,0;,0;,0;,0;,0;,0;,150.000;,0;,0;,0;,0;,0;,0;,0;,0;,0;,0;,0;,0;,0;
22983,Benihading,50;,0;,0;,20;,0;,0;,0;,0;,0;,0;,0;,0;,0;,0;,0;,0;,0;,0;,0;,0;,0;,0;,0;,0;
22997,Ile Kimok,20;,2;,5;,0;,0;,0;,0;,100000;,20000;,15000;,0;,0;,0;,0;,0;,25000;,0;,5000;,5000;,5000;,5000;,5000;,0;,0;
23017,Mahal,0;,0;,0;,1000;,0;,0;,0;,0;,0;,0;,0;,0;,0;,0;,0;,0;,0;,0;,0;,0;,0;,0;,0;,0;
23048,Mahal,0;,10;,30;,0;,0;,0;,0;,0;,0;,0;,0;,0;,0;,0;,0;,50000;,500000;,10000;,10000;,5000;,5000;,3000;,0;,;
23058,Ile Kimok,30;,5;,10;,0;,5;,0;,0;,80000;,100000;,20000;,0;,0;,20000;,0;,0;,15000;,0;,5000;,5000;,5000;,5000;,5000;,0;,0;
23087,Riangbao,;,250;,250;,;,;,;,;,;,;,;,150000;,13000000;,;,;,;,;,;,;,;,;,;,;,;,;
23088,Benihading,0;,2.08;,16.6;,0;,0;,0;,0;,0;,0;,0;,6250;,83333;,0;,0;,0;,0;,0;,0;,0;,0;,0;,0;,0;,0;
23089,Benihading,4.1;,8.33;,12.5;,8.33;,0;,0;,0;,0;,0;,0;,0;,500000;,0;,0;,0;,0;,83300;,0;,0;,0;,0;,0;,18330;,0;
23090,Benihading,0;,0;,8.33;,20.83;,0;,0;,0;,0;,0;,0;,0;,250000;,0;,0;,0;,0;,0;,0;,0;,0;,0;,0;,0;,0;
23091,Benihading,2.08;,0;,10.41;,0;,4.1;,0;,0;,0;,0;,0;,30000;,275000;,0;,0;,0;,0;,125000;,0;,0;,0;,0;,0;,91600;,0;
23100,Benihading,16.6;,5;,12;,0;,0;,0;,0;,0;,0;,10000;,75000;,48000;,0;,0;,0;,0;,0;,0;,0;,0;,0;,0;,0;,0;
23111,Benihading,0;,0;,0;,41.6;,2.08;,0;,0;,0;,0;,0;,0;,4750000;,0;,0;,0;,0;,0;,0;,0;,0;,0;,0;,55000;,20000;
23112,Benihading,0;,0;,0;,8.3;,8.3;,0;,0;,0;,0;,0;,40000;,0;,0;,0;,0;,0;,208000;,0;,0;,0;,0;,0;,183300;,216600;
23113,Benihading,16.6;,20.83;,41.66;,8.33;,16.6;,0;,0;,0;,0;,0;,75000;,600000;,0;,45000;,0;,0;,10000;,0;,0;,0;,0;,0;,0;,0;
23114,Benihading,0;,20;,0;,250;,8.3;,0;,0;,0;,0;,0;,500000;,2000000;,0;,0;,0;,0;,58666;,0;,0;,0;,0;,0;,0;,0;
23118,Ile Kimok,40;,8;,5;,0;,3;,0;,0;,300000;,80000;,0;,0;,0;,20000;,0;,0;,25000;,0;,5000;,5000;,5000;,5000;,5000;,0;,0;
23122,Ile Kimok,4;,0;,0;,0;,0;,0;,0;,160000;,0;,40000;,0;,0;,0;,0;,0;,0;,0;,0;,0;,0;,0;,0;,0;,0;
23141,Benihading,0;,12.5;,16.6;,16.6;,4.1;,0;,0;,0;,0;,0;,130000;,1163000;,0;,0;,0;,0;,0;,0;,0;,0;,0;,0;,183000;,100000;
23143,Benihading,0;,8.3;,0;,20.83;,0;,0;,0;,0;,0;,0;,0;,166000;,0;,0;,0;,0;,0;,0;,0;,0;,0;,0;,0;,0;
23145,Ile Kimok,30;,10;,3;,0;,1;,0;,0;,200000;,80000;,30000;,0;,0;,10000;,0;,0;,10;,0;,5000;,5000;,5000;,5000;,5000;,0;,0;
23146,Ile Kimok,20;,5;,5;,5;,5;,0;,0;,200000;,100000;,20000;,0;,0;,0;,0;,0;,0;,0;,0;,0;,0;,0;,0;,0;,0;
23152,Puor,,,,,,,,,,,,,,,,,,,,,,,,
23156,Wuakerong,20;,8;,500;,0;,0;,0;,0;,0;,0;,0;,0;,0;,0;,0;,0;,0;,0;,0;,0;,0;,0;,0;,184000;,;
23160,Ile Kimok,20;,1;,10;,0;,1;,0;,0;,150000;,50000;,40000;,0;,0;,0;,0;,0;,20000;,5000;,5000;,5000;,5000;,5000;,5000;,0;,0;
23161,Ile Kimok,30;,10;,10;,5;,5;,0;,0;,300000;,0;,20000;,0;,0;,0;,0;,0;,0;,0;,0;,0;,0;,0;,0;,0;,0;
23164,Benihading,2.08;,16.6;,16.6;,16.6;,8.3;,0;,0;,0;,0;,0;,0;,166000;,0;,0;,0;,0;,125000;,0;,0;,0;,0;,0;,91500;,0;
23167,Ile Kimok,30;,5;,5;,2;,5;,0;,0;,50000;,0;,0;,0;,0;,0;,0;,0;,0;,0;,0;,0;,0;,0;,0;,0;,0;
23168,Bour,0;,500;,0;,500;,0;,0;,0;,0;,0;,0;,0;,0;,0;,0;,0;,0;,0;,0;,0;,0;,0;,0;,0;,0;
23172,Ile Kimok,20;,5;,5;,0;,2;,0;,0;,100000;,100000;,30000;,0;,0;,10000;,0;,0;,5000;,5000;,5000;,5000;,5000;,5000;,5000;,0;,0;
23174,Benihading,0;,2.5;,4.1;,0;,10;,0;,0;,0;,0;,0;,75000;,0;,0;,0;,0;,0;,0;,0;,0;,0;,0;,0;,0;,0;
23175,Benihading,0;,4.1;,16.6;,0;,4.1;,0;,0;,0;,0;,0;,0;,1083000;,0;,0;,0;,0;,0;,0;,0;,0;,0;,0;,0;,125000;
23177,Ile Kimok,3;,2;,2;,2;,2;,0;,0;,50000;,30000;,20000;,0;,0;,0;,0;,0;,0;,0;,0;,0;,0;,0;,0;,0;,0;
23178,Wuakerong,0;,350;,500;,0;,0;,0;,0;,0;,0;,0;,1500000;,0;,0;,0;,0;,0;,0;,0;,0;,0;,0;,0;,4600000;,0;
23181,Muruona,0;,60;,10;,20;,0;,0;,0;,0;,0;,0;,600000;,0;,0;,0;,0;,0;,0;,0;,0;,0;,0;,0;,0;,0;
23182,Ile Kimok,40;,3;,5;,0;,2;,0;,0;,300000;,100000;,50000;,0;,0;,0;,0;,0;,25000;,0;,5000;,5000;,5000;,5000;,5000;,0;,0;
23183,Wuakerong,0;,500;,0;,0;,0;,50;,0;,0;,0;,300000;,1500000;,37000000;,0;,0;,0;,0;,2000000;,0;,0;,0;,0;,0;,5700000;,0;
23184,Muruona,0;,100;,100;,0;,0;,0;,0;,0;,0;,0;,300000;,0;,0;,0;,0;,0;,0;,0;,0;,0;,0;,0;,0;,0;
23186,Tubuk Rajan,175;,;,125;,;,;,;,;,;,;,;,;,;,;,;,;,;,;,;,;,;,;,;,;,125000;
23187,Ile Kimok,20;,5;,5;,5;,5;,5;,5;,100000;,100000;,55000;,200000;,0;,0;,0;,0;,0;,0;,0;,0;,0;,0;,0;,0;,0;
23192,Ile Kimok,15;,5;,5;,5;,5;,0;,0;,150000;,150000;,15000;,0;,0;,0;,0;,0;,0;,0;,0;,0;,0;,0;,0;,0;,0;
23193,Benihading,4.2;,6.7;,33;,;,8.3;,0;,0;,0;,0;,66000;,65000;,584000;,0;,0;,0;,0;,41666;,30000;,0;,0;,0;,0;,14000;,0;
23198,Muruona,0;,0;,0;,50;,0;,0;,0;,0;,0;,0;,0;,0;,0;,0;,0;,0;,0;,0;,0;,120000;,0;,120000;,0;,0;
23203,Tubungwalang,,,,,,,,,,,,,,,,,,,,,,,,
23205,Wuakerong,0;,1500;,1000;,0;,0;,0;,0;,0;,0;,0;,600000;,650000;,0;,0;,0;,0;,0;,0;,0;,0;,0;,0;,1380000;,0;
23207,Watodiri,0;,40;,50;,100;,3;,0;,0;,0;,0;,0;,0;,0;,0;,0;,0;,0;,0;,0;,0;,25000;,50000;,0;,0;,0;
23211,Bour,0;,25;,20;,50;,0;,0;,0;,0;,0;,0;,0;,0;,0;,0;,0;,0;,0;,0;,0;,0;,0;,0;,0;,0;
23212,Muruona,0;,0;,20;,20;,0;,0;,0;,0;,0;,0;,0;,0;,0;,0;,0;,0;,0;,0;,0;,0;,0;,0;,0;,0;
23213,Watodiri,0;,50;,50;,50;,0;,0;,0;,0;,0;,0;,0;,0;,0;,0;,0;,0;,0;,0;,0;,0;,0;,0;,0;,0;
23214,Watodiri,0;,50;,250;,0;,0;,0;,0;,0;,0;,0;,0;,0;,1250000;,0;,0;,0;,0;,0;,0;,0;,0;,0;,0;,0;
23216,Watodiri,0;,100;,200;,150;,0;,0;,0;,0;,0;,0;,0;,0;,0;,0;,0;,0;,0;,0;,0;,0;,0;,0;,0;,0;
23218,Todanara,0;,0;,50;,100;,0;,0;,0;,100000;,0;,0;,0;,0;,0;,0;,0;,0;,00;,0;,0;,0;,0;,0;,0;,0;
23219,Tubungwalang,,,,,,,,,,,,,,,,,,,,,,,,
23221,Todanara,0;,0;,0;,10;,0;,0;,0;,0;,0;,0;,0;,0;,0;,0;,20000;,20000;,1000000;,0;,0;,0;,0;,0;,0;,0;
23222,Wuakerong,0;,40;,20;,50;,0;,0;,0;,0;,0;,90000;,750000;,0;,0;,0;,0;,0;,0;,0;,0;,0;,0;,0;,460000;,0;
23225,Wuakerong,0;,0;,0;,0;,0;,0;,0;,0;,0;,0;,0;,0;,0;,0;,0;,0;,0;,0;,0;,0;,0;,0;,0;,0;
23226,Tubungwalang,;,10;,50;,;,5;,;,;,;,;,;,;,;,;,;,;,;,;,;,;,;,;,;,;,;
23228,Laranwutun,;,1.5;,;,1.5;,;,;,;,;,;,;,;,;,;,60000;,;,;,;,;,;,;,;,;,;,;
23230,Puor,;,;,;,;,;,;,;,;,;,;,;,;,;,;,;,;,5000000;,;,;,;,;,;,;,;
23231,Wuakerong,,,,,,,,,,,,,,,,,,,,,,,,
23232,Laranwutun,;,2;,;,13;,2;,;,;,250000;,15000;,;,18000;,1250000;,;,;,;,;,;,5000;,5000;,;,;,20000;,;,40000;
23233,Tubungwalang,240;,0;,400;,0;,0;,0;,0;,0;,0;,0;,150000;,1000000;,1000000;,0;,0;,0;,0;,0;,0;,0;,0;,0;,200000;,200000;
23234,Wuakerong,0;,0;,0;,0;,0;,0;,0;,18000000;,696000;,0;,1500000;,0;,0;,90000;,0;,516000;,0;,60000;,60000;,60000;,60000;,0;,0;,0;
23235,Watodiri,0;,50;,100;,0;,0;,0;,0;,0;,0;,0;,0;,0;,0;,0;,0;,0;,0;,0;,0;,0;,0;,0;,0;,0;
23236,Watodiri,0;,50;,60;,0;,0;,0;,0;,0;,0;,0;,0;,0;,0;,0;,0;,0;,0;,0;,0;,0;,0;,0;,0;,0;
23237,Watodiri,0;,50;,100;,150;,0;,0;,0;,0;,0;,0;,0;,0;,270000;,0;,0;,0;,0;,50000;,0;,0;,50000;,0;,0;,0;
23238,Watodiri,0;,60;,200;,160;,0;,0;,0;,0;,0;,0;,0;,0;,0;,0;,0;,0;,0;,0;,0;,0;,0;,0;,0;,0;
23239,Watodiri,0;,0;,0;,0;,0;,0;,0;,0;,0;,0;,0;,0;,0;,0;,0;,0;,0;,0;,0;,0;,0;,0;,0;,0;
23240,Watodiri,0;,40;,60;,60;,0;,0;,0;,0;,0;,0;,0;,0;,0;,0;,0;,0;,0;,35000;,50000;,20000;,0;,0;,0;,0;
23243,Tubungwalang,0;,3;,15;,0;,0;,0;,0;,50000;,0;,50000;,0;,0;,0;,0;,0;,0;,0;,50000;,20000;,0;,0;,0;,0;,0;
23244,Watodiri,0;,60;,70;,70;,0;,0;,0;,0;,0;,0;,0;,0;,0;,0;,0;,0;,0;,0;,0;,0;,0;,0;,0;,0;
23245,Watodiri,0;,45;,160;,175;,0;,0;,0;,0;,0;,0;,0;,0;,0;,0;,0;,0;,0;,0;,0;,0;,0;,0;,0;,0;
23246,Watodiri,0;,60;,250;,100;,0;,0;,0;,0;,0;,0;,0;,0;,0;,0;,0;,0;,0;,0;,0;,0;,0;,0;,0;,0;
23247,Puor,,,,,,,,,,,,,,,,,,,,,,,,
23248,Watodiri,0;,0;,50;,0;,0;,0;,0;,0;,0;,0;,0;,0;,0;,0;,0;,0;,0;,0;,0;,0;,0;,0;,0;,0;
23249,Laranwutun,;,600;,;,34;,;,;,;,240000;,;,;,50000;,2000000;,;,;,;,;,;,;,;,;,;,;,;,;
23250,Watodiri,0;,55;,200;,150;,0;,0;,0;,0;,0;,0;,0;,0;,0;,0;,0;,0;,0;,0;,0;,0;,0;,0;,0;,0;
23251,Watodiri,0;,40;,150;,150;,0;,0;,0;,0;,0;,0;,0;,0;,0;,0;,0;,20000;,0;,0;,0;,20000;,0;,0;,0;,0;
23252,Watodiri,0;,60;,250;,160;,0;,0;,0;,0;,0;,0;,0;,0;,300000;,310000;,0;,0;,0;,0;,0;,0;,0;,0;,0;,0;
23253,Watodiri,0;,45;,100;,100;,0;,0;,0;,0;,0;,0;,0;,0;,0;,0;,0;,0;,0;,0;,0;,0;,0;,0;,0;,0;
23254,Watodiri,0;,35;,80;,100;,0;,0;,0;,0;,0;,0;,0;,0;,0;,0;,0;,0;,0;,0;,40000;,30000;,0;,0;,0;,0;
23255,Wuakerong,0;,540;,540;,300;,0;,0;,0;,0;,480000;,0;,1500000;,0;,0;,0;,0;,0;,0;,0;,0;,0;,0;,0;,0;,0;
23256,Watodiri,0;,0;,0;,0;,0;,0;,0;,0;,0;,0;,0;,0;,0;,0;,0;,0;,0;,0;,0;,0;,0;,0;,0;,0;
23257,Watodiri,0;,40;,200;,120;,0;,0;,0;,0;,0;,0;,0;,0;,0;,0;,0;,0;,0;,0;,0;,0;,0;,0;,0;,0;
23258,Watodiri,0;,35;,75;,75;,0;,0;,0;,0;,0;,0;,0;,0;,50000;,0;,0;,0;,0;,0;,0;,0;,0;,0;,0;,0;
23259,Watodiri,0;,45;,75;,85;,0;,0;,0;,0;,0;,0;,0;,0;,0;,0;,0;,0;,0;,0;,0;,0;,0;,0;,0;,0;
23261,Watodiri,0;,37;,200;,0;,0;,0;,0;,0;,0;,0;,0;,0;,0;,0;,0;,0;,0;,0;,0;,0;,0;,0;,0;,0;
23262,Watodiri,0;,35;,80;,80;,20;,0;,0;,0;,0;,0;,0;,0;,200000;,0;,0;,0;,0;,0;,0;,0;,0;,0;,0;,0;
23264,Wuakerong,0;,0;,350;,0;,0;,0;,0;,0;,0;,0;,0;,0;,0;,0;,0;,0;,0;,0;,0;,0;,0;,0;,0;,0;
23265,Watodiri,0;,0;,0;,0;,0;,0;,0;,0;,0;,0;,0;,0;,0;,0;,0;,0;,0;,0;,0;,0;,0;,0;,0;,0;
23266,Watodiri,0;,50;,0;,100;,0;,0;,0;,0;,0;,0;,0;,0;,0;,0;,0;,1500000;,0;,0;,0;,0;,0;,0;,0;,0;
23267,Watodiri,0;,25;,100;,100;,0;,0;,0;,0;,0;,0;,0;,0;,500000;,0;,0;,0;,0;,0;,0;,0;,0;,0;,0;,0;
23268,Watodiri,0;,25;,50;,;,0;,0;,0;,0;,0;,0;,0;,0;,0;,0;,0;,0;,0;,0;,0;,0;,0;,0;,0;,0;
23270,Watodiri,0;,30;,50;,60;,0;,0;,0;,0;,0;,0;,0;,0;,0;,0;,0;,0;,0;,0;,0;,0;,0;,0;,0;,280000;
23274,Pada,,,,,,,,,,,,,,,,,,,,,,,,
23276,Puor,,,,,,,,,,,,,,,,,,,,,,,,
23277,Tubuk Rajan,400;,500;,500;,;,50;,;,;,;,;,;,120000;,5000000;,;,250000;,;,80000;,7500000;,20000;,;,;,25000;,400000;,8800000;,;
23279,Puor,,,,,,,,,,,,,,,,,,,,,,,,
23283,Puor,,,,,,,,,,,,,,,,,,,,,,,,
23284,Puor,;,60;,40;,;,;,;,;,;,;,;,;,;,;,1200000;,;,;,50;,;,;,;,;,;,;,;
23285,Laranwutun,;,;,50;,200;,;,;,;,;,;,;,;,1200000;,;,;,;,;,;,;,;,;,;,;,;,;
23286,Wuakerong,0;,0;,0;,0;,0;,15;,0;,0;,0;,240000;,1050000;,0;,0;,30000;,0;,0;,1600000;,0;,0;,0;,0;,0;,0;,0;
23289,Tubuk Rajan,250;,100;,300;,;,;,;,;,;,;,;,120000;,;,;,250000;,;,80000;,600000;,20000;,20000;,20000;,;,;,1100000;,;
23290,Benihading,6.25;,0;,4.1;,4.1;,16.6;,0;,0;,0;,0;,0;,40000;,583300;,0;,0;,0;,0;,41600;,0;,0;,0;,0;,0;,45800;,0;
23291,Laranwutun,;,30;,100;,100;,;,;,;,;,;,125000;,125000;,75000;,;,;,;,;,;,;,;,;,;,;,;,;
23292,Benihading,0;,41.6;,41.6;,0;,0;,0;,0;,0;,0;,0;,60000;,0;,0;,0;,0;,0;,62500;,0;,0;,0;,0;,0;,91600;,0;
23293,Benihading,4.1;,4.1;,83.3;,83.3;,0;,0;,0;,0;,0;,0;,15000;,83000;,250000;,0;,;,0;,208000;,0;,0;,0;,0;,0;,18000;,0;
23294,Benihading,2.5;,8.3;,20.83;,20.83;,12.5;,0;,0;,0;,0;,0;,55000;,3500000;,0;,0;,0;,0;,41660;,0;,0;,0;,0;,0;,137500;,20000;
23297,Benihading,6.25;,8.3;,12.5;,12.5;,16.6;,0;,0;,0;,0;,120000;,30000;,2582600;,41600;,0;,0;,0;,41600;,0;,0;,0;,0;,0;,166600;,200000;
23298,Tagawiti,; ;,; ;,; ;,4; 4;,; ;,; ;,; ;,; ;,; ;,; ;,; ;,; ;,; ;,; ;,; ;,; ;,; ;,; ;,; ;,; ;,; ;,; ;,; ;,; ;
23299,Mahal,50;,0;,5;,0;,0;,0;,0;,0;,0;,0;,0;,0;,0;,15000;,0;,0;,0;,0;,0;,0;,0;,0;,0;,0;
23300,Tagawiti,,,,,,,,,,,,,,,,,,,,,,,,
23301,Tagawiti,;,;,;,1;,;,;,;,;,;,;,;,;,;,30000;,5000;,;,;,5000;,5000;,5000;,5000;,5000;,;,;
23302,Mahal,10;,7;,7;,0;,7;,0;,0;,0;,0;,0;,0;,0;,0;,30000;,0;,0;,0;,0;,0;,0;,0;,0;,0;,0;
23303,Mahal,30;,0;,1;,0;,0;,0;,0;,0;,0;,40000;,0;,0;,0;,0;,0;,0;,0;,0;,0;,0;,0;,0;,0;,0;
23305,Mahal,0;,4;,10;,0;,0;,0;,0;,0;,0;,0;,0;,0;,0;,0;,0;,0;,0;,0;,0;,0;,0;,0;,0;,0;
23307,Mahal,0;,0;,0;,0;,0;,0;,0;,40000;,0;,0;,0;,0;,0;,0;,0;,0;,0;,0;,0;,0;,0;,0;,0;,0;
23308,Mahal,0;,1;,5;,0;,0;,0;,0;,0;,0;,0;,0;,0;,0;,0;,0;,0;,0;,0;,0;,0;,0;,0;,0;,0;
23309,Mahal,20;,2;,3;,0;,6;,0;,0;,0;,0;,0;,0;,0;,0;,0;,0;,0;,0;,0;,0;,0;,0;,0;,0;,0;
23310,Mahal,0;,0;,5;,0;,0;,0;,0;,0;,0;,0;,0;,0;,0;,0;,0;,0;,0;,0;,0;,0;,0;,0;,0;,0;
23311,Laranwutun,;,55;,;,63;,;,;,;,;,;,;,250000;,;,1000;,;,10000;,;,;,5000;,10000;,;,10000;,10000;,;,18000;
23312,Laranwutun,;,;,5;,714;,;,;,;,;,;,;,;,;,;,;,;,1400000;,;,;,;,;,;,;,;,;
23314,Dulitukan,;,;,;,;,;,;,;,;,;,;,;,;,1500000;,;,;,;,;,;,;,;,;,;,;,;
23315,Dulitukan,;,;,25;,20;,;,;,;,150000;,;,;,;,;,1200000;,;,;,;,;,;,;,;,;,;,;,;
23316,Dulitukan,;,;,25;,0;,;,;,;,800000;,;,;,;,;,0;,;,;,;,;,;,;,;,;,;,;,;
23318,Dulitukan,;,;,25;,50;,;,;,;,4500000;,;,;,;,;,125000;,;,;,;,;,;,;,;,;,;,;,;
23328,Laranwutun,;,50;,100;,10;,1;,;,;,;,;,;,;,;,;,;,;,;,;,;,;,;,;,;,;,;
23329,Laranwutun,;,5;,50;,25;,1;,2;,;,;,;,10000;,50000;,;,70000;,35000;,;,40000;,;,5000;,;,5000;,;,5000;,;,;
23353,Wuakerong,0;,0;,0;,0;,0;,0;,0;,0;,0;,0;,0;,0;,0;,216000;,0;,0;,0;,0;,0;,0;,0;,0;,0;,5040000;
23369,Laranwutun,;,30;,;,17;,;,;,;,;,;,;,;,;,;,;,;,;,;,5000;,;,;,;,;,;,20000;
23370,Tagawiti,;,;,40;,;,;,;,;,400000;,;,;,;,;,;,;,;,;,;,;,;,;,;,;,;,;
23372,Wuakerong,0;,200;,300;,0;,6;,0;,0;,0;,0;,0;,5400000;,0;,300000;,375000;,0;,270000;,0;,0;,0;,0;,0;,0;,0;,0;
23373,Tagawiti,;,;,1.5;,;,;,;,;,;,;,;,;,;,0.5;,;,;,;,;,;,;,;,;,;,;,;
23374,Tagawiti,;,;,1;,1;,;,;,;,;,;,;,;,;,;,;,;,;,;,;,;,;,;,;,;,;
23375,Puor,,,,,,,,,,,,,,,,,,,,,,,,
23376,Puor,,,,,,,,,,,,,,,,,,,,,,,,
23382,Laranwutun,;,50;,150;,150;,100;,;,;,;,;,130000;,50000;,;,;,25000;,;,;,120000;,;,;,;,;,;,;,;
23383,Laranwutun,;,150;,;,20;,5;,;,;,;,;,;,85000;,1700000;,;,;,;,;,;,;,;,;,;,;,;,55000;
23384,Laranwutun,;,50;,15;,;,10;,;,;,600000;,;,130000;,;,;,;,;,;,;,;,;,;,;,;,;,;,;
23385,Laranwutun,;,120;,;,67;,2;,;,;,;,;,;,;,;,;,;,;,;,;,;,;,5000;,;,;,;,30000;
23387,Todanara,0;,0;,100;,0;,0;,0;,0;,0;,0;,0;,0;,0;,0;,0;,0;,0;,0;,0;,0;,0;,0;,0;,0;,0;
23390,Todanara,0;,0;,500;,700;,372;,0;,0;,0;,0;,0;,0;,0;,0;,0;,0;,0;,500000;,0;,0;,0;,0;,0;,0;,0;
23392,Todanara,0;,0;,100;,0;,0;,0;,0;,0;,0;,6000;,0;,0;,0;,0;,0;,0;,0;,0;,0;,0;,0;,0;,0;,0;
23393,Dikesare,,,,,,,,,,,,,,,,,,,,,,,,
23394,Dikesare,50;,0;,1;,1;,0;,0;,0;,0;,0;,;,;,;,;,;,;,;,;,;,;,;,;,;,;,;
23396,Tagawiti,,,,,,,,,,,,,,,,,,,,,,,,
23397,Tagawiti,;,;,1.5;,;,;,;,;,;,;,;,;,;,;,;,;,;,;,;,;,;,;,;,;,;
23398,Waienga,0;,0;,10;,10;,0;,0;,0;,18000000;,0;,360000;,1650000;,0;,0;,0;,0;,0;,0;,0;,0;,0;,0;,0;,0;,0;
23399,Labalimut,600;,100;,160;,250;,65;,0;,0;,0;,0;,0;,0;,0;,0;,0;,0;,0;,5400000;,20000;,60000;,60000;,0;,0;,1200000;,0;
23400,Tagawiti,;,10;,50;,;,;,;,;,;,;,;,;,;,;,;,;,;,;,;,;,;,;,;,;,;
23401,Laranwutun,;,10;,10;,85;,;,;,;,;,;,10000;,;,;,;,;,;,15000;,;,;,;,;,;,;,;,;
23404,Hoelea I,0;,0;,208;,0;,0;,0;,0;,0;,0;,0;,0;,20000000;,50000;,0;,0;,0;,0;,10000;,10000;,10000;,10000;,0;,352000;,0;
23405,Hoelea I,65;,5;,25;,0;,0;,0;,0;,0;,0;,0;,2000000;,2000000;,0;,0;,0;,0;,0;,10000;,10000;,10000;,0;,0;,924000;,0;
23406,Hoelea I,17;,5;,25;,0;,0;,0;,0;,0;,0;,0;,350000;,0;,0;,0;,0;,0;,0;,10000;,10000;,10000;,10000;,0;,462000;,0;
23407,Tagawiti,,,,,,,,,,,,,,,,,,,,,,,,
23408,Waienga,0;,0;,50;,10;,0;,0;,0;,200000;,0;,60000;,1800000;,0;,0;,0;,0;,0;,0;,0;,0;,0;,0;,0;,0;,0;
23409,Tagawiti,;,;,25;,;,;,;,;,;,;,;,;,;,;,;,;,;,;,;,;,;,;,;,;,;
23410,Waienga,0;,0;,1000;,0;,0;,0;,0;,0;,0;,0;,0;,0;,0;,0;,0;,0;,0;,0;,0;,0;,0;,0;,0;,0;
23411,Laranwutun,;,13;,35;,500;,;,;,;,;,;,;,;,1000000;,;,;,;,;,;,;,;,10000;,;,;,;,;
23412,Waienga,0;,0;,0;,0;,0;,0;,0;,0;,0;,0;,0;,0;,0;,0;,0;,0;,0;,0;,0;,0;,0;,0;,0;,0;
23413,Laranwutun,;,150;,167;,;,5;,;,;,;,;,;,500000;,1000000;,;,;,;,;,;,;,;,;,;,;,;,60000;
23414,Waienga,0;,0;,1000;,4000;,0;,0;,0;,12000000;,480000;,0;,750000;,0;,0;,0;,0;,0;,0;,0;,0;,0;,0;,0;,0;,0;
23415,Tagawiti,;,;,;,2;,;,;,;,;,;,;,;,;,;,;,;,;,;,;,;,;,;,;,;,;
23416,Dikesare,20;,;,;,;,;,;,;,;,;,;,;,;,;,;,;,;,;,;,;,;,;,;,;,;
23418,Laranwutun,;,7;,100;,100;,75;,;,;,30000;,;,;,;,;,75000;,30000;,;,;,;,;,;,;,;,;,;,;
23419,Waienga,0;,0;,0;,0;,0;,0;,0;,0;,0;,0;,0;,0;,0;,0;,0;,0;,0;,0;,0;,0;,0;,0;,0;,0;
23420,Waienga,0;,0;,50;,20;,0;,0;,0;,0;,0;,210000;,225000;,0;,0;,0;,0;,0;,0;,0;,0;,0;,0;,60000;,0;,0;
23421,Waienga,0;,0;,100;,0;,0;,0;,0;,0;,0;,0;,0;,0;,0;,0;,0;,0;,0;,0;,0;,0;,0;,0;,0;,0;
23422,Waienga,0;,0;,240;,0;,0;,0;,0;,0;,0;,360000;,1080000;,0;,0;,0;,0;,0;,0;,0;,0;,0;,0;,0;,0;,0;
23423,Laranwutun,;,20;,4;,;,;,;,;,200000;,;,10000;,50000;,;,;,;,;,;,;,;,;,;,;,;,;,;
23427,Tagawiti,,,,,,,,,,,,,,,,,,,,,,,,
23428,Waienga,0;,0;,100;,100;,0;,0;,0;,500000;,0;,60000;,500000;,0;,0;,0;,0;,0;,0;,0;,0;,0;,0;,0;,0;,0;
23432,Laranwutun,,,,,,,,,,,,,,,,,,,,,,,,
23433,Laranwutun,;,40;,;,25;,;,;,;,50000;,;,;,1500000;,;,;,;,;,20000;,;,20000;,;,20000;,10000;,;,;,;
23434,Tagawiti,; ;,; ;,8; 8;,; ;,; ;,; ;,; ;,; ;,; ;,; ;,; ;,; ;,; ;,; ;,; ;,; ;,; ;,; ;,; ;,; ;,; ;,; ;,; ;,; ;
23436,Tubungwalang,0;,0;,20;,0;,4;,0;,0;,50000;,0;,65000;,0;,0;,0;,0;,0;,0;,0;,50000;,50000;,50000;,0;,0;,0;,0;
23437,Tagawiti,,,,,,,,,,,,,,,,,,,,,,,,
23439,Waienga,0;,0;,60;,0;,0;,0;,0;,720000;,0;,0;,120000;,0;,0;,0;,0;,0;,0;,0;,0;,0;,0;,0;,0;,;
23441,Laranwutun,;,90;,1.5;,3;,;,;,;,50000;,;,;,;,;,;,5000;,;,;,;,;,;,20000;,;,;,;,;
23442,Laranwutun,;,60;,50;,;,;,;,;,30000;,;,;,;,;,;,12000;,;,5000;,;,;,;,15000;,;,25000;,;,;
23443,Waienga,0;,50;,50;,0;,0;,0;,0;,0;,0;,0;,0;,0;,0;,0;,0;,0;,0;,0;,0;,0;,0;,0;,0;,0;
23445,Lamatuka,50;,500;,100;,0;,0;,0;,0;,0;,0;,0;,1575000;,4000000;,1500000;,0;,0;,0;,5000000;,0;,0;,0;,0;,0;,50000;,0;
23447,Lamatuka,0;,0;,0;,0;,0;,0;,0;,0;,0;,0;,0;,0;,0;,0;,0;,0;,0;,0;,0;,0;,0;,0;,0;,0;
23448,Waienga,0;,7;,150;,20;,0;,0;,0;,0;,0;,0;,0;,0;,0;,0;,0;,0;,0;,0;,0;,0;,0;,0;,0;,0;
23449,Lamatuka,0;,500;,250;,100;,0;,0;,0;,0;,0;,40000;,650000;,0;,0;,0;,0;,0;,0;,0;,0;,156000;,0;,0;,0;,-;
23450,Dulitukan,;,;,90;,;,;,;,;,;,;,;,;,;,;,;,;,;,;,;,;,;,;,;,;,;
23451,Lamatuka,50;,200;,100;,0;,0;,0;,0;,0;,0;,0;,560000;,2000000;,0;,0;,0;,0;,2750000;,0;,0;,0;,0;,0;,0;,;
23452,Lamatuka,0;,0;,0;,0;,0;,0;,0;,0;,0;,0;,0;,0;,0;,0;,0;,600000;,0;,0;,0;,0;,0;,0;,0;,0;
23453,Lamatuka,0;,150;,50;,800;,0;,0;,0;,0;,0;,0;,0;,0;,450000;,0;,0;,0;,3000000;,20000;,0;,20000;,20000;,0;,0;,0;
23454,Hoelea I,0;,0;,17;,0;,0;,0;,0;,0;,0;,0;,150000;,0;,0;,0;,0;,0;,0;,0;,0;,0;,0;,0;,374000;,0;
23455,Hoelea I,0;,0;,25;,0;,0;,0;,0;,0;,0;,0;,0;,3000000;,0;,0;,0;,0;,0;,10000;,10000;,10000;,10000;,0;,638000;,0;
23456,Hoelea I,0;,0;,42;,0;,0;,0;,0;,0;,0;,0;,0;,3000000;,0;,180000;,0;,0;,0;,0;,0;,0;,0;,0;,550000;,0;
23457,Hoelea I,0;,0;,50;,0;,0;,0;,0;,0;,0;,0;,350000;,12000000;,0;,0;,0;,0;,0;,10000;,10000;,10000;,10000;,0;,550000;,0;
23458,Hoelea I,0;,10;,125;,0;,0;,0;,0;,0;,0;,15;,150000;,3000000;,3;,90000;,0;,0;,0;,10000;,10000;,10000;,10000;,0;,550000;,0;
23459,Dulitukan,;,;,50;,6;,;,;,;,;,;,;,;,;,;,;,;,;,;,;,;,;,;,;,;,;
23460,Lamatuka,0;,300;,500;,0;,0;,0;,0;,0;,0;,0;,450000;,11000000;,600000;,0;,0;,0;,2000000;,0;,0;,0;,0;,0;,0;,0;
23462,Lamatuka,0;,200;,50;,150;,0;,0;,0;,0;,0;,60000;,2000000;,5000000;,0;,0;,0;,0;,2500000;,0;,0;,0;,0;,0;,0;,0;
23463,Wuakerong,0;,0;,0;,400;,0;,0;,0;,0;,0;,0;,0;,0;,0;,0;,0;,0;,0;,0;,0;,0;,0;,0;,0;,0;
23467,Wuakerong,50;,25;,50;,250;,0;,0;,0;,0;,0;,0;,750000;,64000000;,0;,0;,0;,0;,0;,0;,0;,0;,0;,0;,0;,0;
23468,Puor,;,;,;,480;,;,;,;,;,;,;,;,;,;,;,;,;,;,;,;,;,;,;,;,;
23469,Laranwutun,;,67;,15;,85;,;,;,;,3000000;,;,;,1000000;,;,;,;,;,60000;,;,10000;,;,10000;,;,;,;,3140000;
23470,Dulitukan,;,;,6;,0;,;,;,;,;,;,;,;,;,1800000;,;,;,;,;,;,;,;,;,;,;,;
23473,Wuakerong,0;,0;,0;,0;,0;,0;,0;,0;,0;,0;,0;,0;,0;,1200000;,0;,0;,0;,0;,0;,0;,0;,0;,0;,8640000;
23474,Waienga,0;,0;,100;,0;,0;,0;,0;,0;,0;,0;,0;,0;,0;,0;,0;,0;,0;,0;,0;,0;,0;,0;,0;,0;
23475,Merdeka,;,;,8;,;,4;,;,;,;,;,;,100000;,200000;,35000;,;,;,;,;,;,;,;,;,;,;,;
23476,Laranwutun,;,7;,35;,100;,;,;,;,800000;,100000;,12500;,150000;,130000;,;,50000;,;,;,;,5000;,;,5000;,;,;,;,;
23477,Wuakerong,30;,40;,10;,0;,0;,0;,0;,0;,0;,30000;,2250000;,0;,100000;,0;,0;,0;,0;,;,0;,0;,0;,0;,0;,0;
23478,Katakeja,200;,50;,70;,0;,7;,0;,0;,0;,0;,0;,0;,0;,420000;,0;,0;,0;,700000;,40000;,0;,0;,0;,0;,0;,0;
23479,Merdeka,;,;,10;,;,;,;,;,;,;,;,80000;,200000;,20000;,;,;,;,;,;,;,;,;,;,80000;,;
23480,Wuakerong,0;,2016;,0;,0;,0;,24;,0;,0;,0;,0;,0;,0;,0;,1200000;,0;,0;,0;,0;,0;,0;,0;,0;,0;,0;
23483,Dulitukan,;,;,30;,60;,;,;,;,120000;,;,;,;,;,;,;,;,;,;,;,;,;,;,;,;,;
23484,Katakeja,50;,15;,100;,0;,0;,0;,0;,0;,0;,0;,0;,0;,0;,0;,0;,0;,300000;,0;,0;,0;,0;,0;,0;,0;
23485,Dulitukan,;,;,0;,0;,;,;,;,;,;,;,;,;,0;,;,;,;,;,;,;,;,;,;,;,;
23487,Tagawiti,;,;,;,25;,;,;,;,;,;,;,;,;,;,;,;,;,;,;,;,;,;,;,;,;
23488,Tagawiti,,,,,,,,,,,,,,,,,,,,,,,,
23489,Tagawiti,,,,,,,,,,,,,,,,,,,,,,,,
23490,Merdeka,;,;,12;,;,10;,;,;,;,;,;,70000;,;,;,150000;,;,40000;,;,;,;,;,;,;,;,;
23491,Laranwutun,;,5;,;,;,;,;,;,750000;,;,;,;,;,;,;,;,;,;,;,;,10000;,;,;,;,;
23492,Laranwutun,;,;,3;,;,;,;,;,;,;,2500;,;,;,;,;,;,;,;,5000;,;,10000;,;,;,;,;
23493,Tagawiti,;,;,25;,;,;,;,;,;,;,;,;,;,;,;,;,;,;,;,;,;,;,;,;,;
23494,Laranwutun,;,;,;,16;,;,;,;,;,;,;,;,;,;,;,;,;,;,;,;,;,;,;,;,;
23495,Tagawiti,;,;,83;,;,;,;,;,;,;,;,;,;,;,;,;,;,;,;,;,;,;,;,;,;
23496,Tagawiti,,,,,,,,,,,,,,,,,,,,,,,,
23498,Tagawiti,;,;,20;,;,;,;,;,;,;,;,;,;,;,;,;,;,;,;,;,;,;,;,;,;
23499,Tagawiti,,,,,,,,,,,,,,,,,,,,,,,,
23500,Laranwutun,,,,,,,,,,,,,,,,,,,,,,,,
23507,Merdeka,;,;,125;,;,;,;,;,400000;,100000;,90000;,140000;,;,;,120000;,;,;,;,;,;,;,;,;,;,;
23511,Merdeka,20;,;,16.6;,;,6;,;,;,;,;,;,40000;,150000;,;,;,;,;,;,;,;,80000;,;,;,10000;,;
23559,Puor,,,,,,,,,,,,,,,,,,,,,,,,
23574,Muruona,0;,1000;,40;,20;,20;,0;,0;,0;,0;,0;,0;,0;,0;,0;,0;,0;,0;,50000;,0;,50000;,0;,0;,0;,0;
23578,Waienga,0;,400;,1000;,400;,0;,0;,0;,0;,0;,1440000;,9000000;,0;,0;,0;,0;,0;,0;,0;,0;,0;,0;,0;,0;,0;
23579,Waienga,0;,0;,0;,0;,0;,0;,0;,0;,0;,360000;,3600000;,0;,0;,0;,0;,0;,0;,0;,0;,0;,0;,0;,0;,0;
23596,Waienga,0;,0;,300;,0;,0;,0;,0;,0;,0;,0;,0;,0;,0;,0;,0;,0;,0;,0;,0;,0;,0;,0;,0;,0;
23608,Muruona,0;,0;,0;,40;,0;,0;,0;,800000;,0;,0;,500000;,0;,0;,0;,0;,0;,0;,0;,0;,0;,0;,0;,0;,0;
23615,Tubuk Rajan,150;,200;,50;,;,;,;,;,;,;,;,;,7000000;,;,;,;,100000;,2000000;,10000;,10000;,;,10000;,;,440000;,;
23621,Waienga,0;,10;,10;,0;,0;,0;,0;,0;,0;,0;,0;,0;,0;,2880000;,0;,0;,0;,0;,0;,0;,0;,0;,0;,0;
23626,Katakeja,,,,,,,,,,,,,,,,,,,,,,,,
23630,Muruona,0;,100;,0;,40;,0;,0;,0;,0;,0;,0;,425000;,0;,0;,0;,0;,0;,0;,0;,0;,0;,0;,0;,0;,0;
23634,Dulitukan,;,;,30;,;,;,;,;,;,;,;,;,;,625000;,;,;,;,;,;,;,;,;,;,;,;
23636,Muruona,0;,20;,400;,0;,0;,0;,0;,2400000;,0;,0;,0;,0;,0;,0;,50000;,50000;,0;,0;,0;,45000;,0;,50000;,0;,0;
23639,Katakeja,30;,0;,12;,0;,0;,0;,0;,0;,0;,0;,0;,0;,0;,0;,0;,0;,1200000;,0;,0;,0;,0;,0;,0;,0;
23644,Paubokol,0;,0;,0;,0;,0;,0;,0;,0;,0;,0;,0;,0;,0;,0;,0;,0;,0;,0;,0;,0;,0;,0;,0;,0;
23661,Waienga,0;,10;,0;,0;,0;,0;,0;,0;,0;,0;,0;,0;,0;,100000;,0;,0;,0;,0;,0;,0;,0;,0;,0;,0;
23663,Dulitukan,;,;,60;,0;,;,;,;,;,;,;,;,;,200000;,;,;,;,;,;,;,;,;,;,;,;
23668,Laranwutun,;,;,;,;,;,;,;,;,;,;,;,;,;,;,;,;,;,;,;,;,;,;,;,15000;
23676,Katakeja,0;,0;,0;,0;,0;,0;,0;,0;,0;,0;,0;,0;,0;,0;,0;,0;,700000;,0;,0;,0;,0;,0;,0;,0;
23684,Muruona,60;,20;,0;,1000;,0;,0;,0;,0;,0;,0;,500000;,0;,0;,0;,0;,0;,0;,0;,0;,0;,0;,0;,0;,0;
23689,Katakeja,100;,0;,0;,500;,0;,0;,0;,0;,0;,0;,0;,0;,0;,0;,0;,0;,0;,0;,0;,0;,0;,0;,0;,0;
23697,Waienga,100;,0;,100;,0;,0;,0;,0;,0;,0;,0;,0;,0;,0;,0;,0;,0;,0;,0;,0;,0;,0;,0;,0;,0;
23704,Lamatuka,0;,0;,400;,0;,0;,0;,0;,0;,0;,60000;,600000;,0;,0;,0;,0;,0;,0;,0;,0;,0;,0;,0;,0;,-;
23706,Tubuk Rajan,,,,,,,,,,,,,,,,,,,,,,,,
23707,Mahal,10;,3;,6;,0;,0;,0;,0;,0;,0;,0;,0;,0;,0;,0;,0;,0;,0;,0;,0;,0;,0;,0;,0;,0;
23710,Mahal,0;,10;,10;,0;,5;,0;,0;,0;,0;,0;,0;,0;,0;,0;,0;,0;,0;,0;,0;,0;,0;,0;,0;,0;
23714,Mahal,0;,10;,300;,0;,0;,0;,0;,0;,0;,0;,0;,0;,0;,0;,0;,0;,0;,60000;,60000;,60000;,60000;,0;,0;,0;
23716,Mahal,0;,0;,600;,0;,0;,0;,0;,0;,0;,0;,0;,0;,0;,0;,0;,0;,0;,0;,0;,0;,0;,0;,200000;,0;
23727,Lamatuka,300;,300;,300;,0;,0;,0;,0;,0;,0;,0;,0;,0;,0;,0;,20000;,0;,15000000;,0;,0;,0;,0;,0;,0;,-;
23731,Mahal,0;,4;,0;,1000;,0;,0;,0;,0;,0;,0;,0;,0;,0;,0;,0;,0;,0;,0;,0;,0;,0;,0;,0;,0;
23733,Mahal,0;,1;,0;,90;,0;,0;,0;,0;,0;,0;,0;,0;,0;,75000;,0;,0;,0;,0;,0;,0;,0;,0;,2;,0;
23734,Mahal,0;,0;,50;,0;,5;,0;,0;,0;,0;,0;,0;,0;,0;,75000;,0;,0;,0;,0;,10000;,10000;,5000;,0;,0;,0;
23737,Lamatuka,100;,200;,1000;,0;,0;,0;,0;,36000;,0;,120000;,720000;,0;,0;,0;,0;,150000;,3520000;,0;,0;,0;,0;,0;,0;,-;
23739,Lamatuka,0;,120;,80;,0;,0;,0;,0;,0;,0;,0;,0;,0;,0;,0;,300000;,10000;,0;,140000;,120000;,120000;,120000;,0;,0;,900000;
23741,Tagawiti,,,,,,,,,,,,,,,,,,,,,,,,
23750,Lamatuka,0;,0;,0;,0;,0;,0;,0;,0;,0;,0;,0;,0;,0;,0;,0;,0;,0;,0;,0;,0;,0;,0;,0;,0;
23751,Lamatuka,0;,480;,400;,0;,0;,0;,0;,0;,0;,0;,1470000;,0;,0;,0;,0;,0;,2000000;,0;,0;,0;,0;,0;,0;,0;
23752,Lamatuka,0;,0;,0;,0;,0;,0;,0;,0;,0;,900000;,600000;,0;,0;,0;,0;,0;,0;,0;,0;,0;,0;,0;,0;,-;
23753,Mahal,0;,10;,0;,0;,0;,0;,0;,0;,0;,0;,0;,0;,0;,0;,0;,0;,0;,60000;,60000;,60000;,60000;,0;,0;,0;
23754,Tagawiti,,,,,,,,,,,,,,,,,,,,,,,,
23755,Lamatuka,10;,150;,100;,0;,0;,0;,0;,0;,0;,0;,330000;,10100000;,0;,0;,60000;,60000;,0;,0;,0;,0;,0;,0;,0;,0;
23758,Muruona,0;,0;,0;,0;,0;,0;,0;,0;,0;,0;,1250000;,0;,0;,0;,0;,0;,0;,0;,0;,0;,0;,0;,0;,0;
23761,Tubuk Rajan,400;,200;,300;,;,;,;,;,;,;,;,;,3000000;,;,;,;,;,2000000;,15000;,15000;,;,15000;,;,66000;,;
23783,Lamatuka,200;,200;,150;,0;,0;,0;,0;,0;,0;,0;,200000;,14000000;,0;,0;,0;,0;,4500000;,0;,0;,0;,0;,0;,120000;,0;
23785,Mahal,0;,0;,0;,0;,0;,0;,0;,0;,0;,0;,0;,0;,0;,0;,0;,0;,0;,0;,0;,0;,0;,0;,0;,0;
23787,Muruona,0;,100;,0;,40;,0;,0;,0;,0;,0;,0;,1375000;,0;,0;,0;,0;,0;,0;,0;,0;,0;,0;,0;,0;,0;
23792,Muruona,0;,400;,500;,500;,0;,0;,0;,7200000;,0;,0;,1000000;,0;,0;,0;,0;,55000;,0;,0;,0;,0;,0;,0;,0;,0;
23802,Lamatuka,;,200;,350;,0;,0;,0;,0;,0;,0;,0;,0;,3000000;,0;,0;,0;,0;,2500000;,0;,0;,0;,0;,0;,0;,0;
23808,Mahal,,,,,,,,,,,,,,,,,,,,,,,,
23824,Bour,0;,50;,0;,750;,0;,0;,0;,0;,0;,0;,0;,7000000;,0;,0;,0;,0;,0;,0;,0;,50000;,0;,0;,1000000;,0;
23836,Lamatuka,0;,0;,0;,375;,0;,0;,0;,0;,0;,0;,0;,2000000;,0;,0;,0;,0;,0;,0;,0;,0;,0;,0;,0;,-;
23845,Tagawiti,;,;,;,20;,;,;,;,;,;,;,;,;,200000;,;,;,;,;,;,;,;,;,;,;,;
23855,Tagawiti,,,,,,,,,,,,,,,,,,,,,,,,
23872,Lamatuka,0;,150;,300;,130;,0;,0;,0;,0;,0;,0;,200000;,18000000;,0;,0;,0;,0;,6000000;,0;,0;,100000;,0;,0;,144000;,0;
23884,Merdeka,;,5;,;,;,;,;,;,;,;,60000;,;,;,;,30000;,25000;,20000;,;,;,20000;,15000;,;,;,20000;,;
23885,Paubokol,400;,80;,600;,0;,0;,0;,0;,960000;,0;,0;,0;,0;,0;,0;,0;,180000;,18000000;,120000;,120000;,180000;,180000;,60000;,0;,0;
23886,Lamatuka,120;,50;,50;,500;,0;,0;,0;,0;,0;,150000;,900000;,0;,130000;,0;,0;,1800000;,5000000;,37500;,53100;,57000;,36000;,120000;,0;,30000;
23887,Mahal,0;,0;,0;,0;,0;,0;,0;,0;,0;,0;,0;,0;,0;,0;,0;,50000;,30000;,30000;,30000;,30000;,30000;,0;,0;,0;
23890,Mahal,0;,0;,500;,0;,0;,0;,0;,0;,0;,0;,0;,0;,0;,0;,0;,0;,0;,30000;,30000;,30000;,30000;,0;,0;,;
23894,Lamatuka,0;,240;,0;,0;,0;,0;,0;,60000000;,240000;,0;,0;,6250000;,0;,0;,240000;,0;,0;,0;,0;,0;,0;,240000;,0;,-;
23895,Merdeka,;,;,4.25;,;,1;,;,;,120000;,80000;,;,;,;,;,150000;,;,;,;,30000;,;,;,;,;,;,;
23896,Todanara,0;,0;,100;,0;,0;,0;,0;,0;,0;,0;,0;,0;,0;,0;,0;,0;,0;,0;,0;,0;,0;,0;,0;,0;
23900,Muruona,,,,,,,,,,,,,,,,,,,,,,,,
23901,Tagawiti,,,,,,,,,,,,,,,,,,,,,,,,
23903,Todanara,0;,0;,500;,120;,0;,0;,0;,0;,0;,6000;,15000;,0;,0;,0;,0;,0;,0;,0;,0;,0;,0;,0;,0;,0;
23906,Waienga,0;,0;,1000;,0;,0;,0;,0;,0;,0;,0;,0;,0;,0;,0;,0;,0;,0;,0;,0;,0;,0;,0;,0;,0;
23907,Tagawiti,;,;,50;,;,;,;,;,60000;,;,;,;,;,;,;,;,;,;,;,;,;,;,;,;,;
23908,Tagawiti,,,,,,,,,,,,,,,,,,,,,,,,
23911,Todanara,0;,0;,300;,2;,0;,0;,0;,0;,0;,0;,0;,0;,0;,0;,10000;,10000;,0;,5000;,5000;,0;,10000;,10000;,0;,0;
23915,Muruona,0;,200;,0;,50;,0;,0;,0;,0;,0;,0;,500000;,0;,16500000;,0;,0;,240000;,0;,0;,0;,50000;,0;,0;,0;,0;
23916,Muruona,0;,40;,0;,50;,0;,0;,0;,0;,0;,0;,0;,0;,0;,0;,0;,240000;,0;,0;,0;,300000;,0;,0;,0;,0;
23951,Waienga,0;,0;,750;,0;,0;,0;,0;,0;,0;,0;,0;,0;,0;,0;,0;,0;,0;,0;,0;,0;,0;,0;,0;,0;
23992,Dikesare,;,;,;,;,;,;,;,;,;,;,;,;,;,;,;,;,;,;,;,;,;,;,;,;
24007,Dikesare,;,;,30;,;,;,;,;,;,;,;,;,;,;,;,;,;,;,;,;,;,;,;,;,;
24015,Dikesare,,,,,,,,,,,,,,,,,,,,,,,,
24024,Dikesare,,,,,,,,,,,,,,,,,,,,,,,,
24058,Merdeka,;,41.5;,25;,;,16;,;,;,150000;,70000;,60000;,150000;,;,;,;,;,;,;,;,;,;,;,;,;,;
24070,Waienga,150;,0;,200;,100;,0;,0;,0;,0;,0;,30000;,450000;,0;,0;,0;,0;,0;,0;,0;,0;,0;,0;,120000;,0;,0;
24074,Waienga,0;,0;,200;,100;,0;,0;,0;,0;,4200000;,0;,750000;,0;,0;,0;,0;,0;,0;,0;,0;,0;,0;,0;,0;,0;
24075,Waienga,0;,0;,0;,30;,0;,0;,0;,0;,0;,180000;,1500000;,0;,0;,0;,0;,0;,0;,0;,0;,0;,0;,0;,0;,0;
24076,Wuakerong,0;,45;,45;,25;,0;,0;,0;,0;,40000;,0;,750000;,0;,0;,0;,0;,0;,0;,0;,0;,0;,0;,0;,0;,3600000;
24077,Wuakerong,0;,7560;,400;,0;,0;,0;,0;,0;,0;,0;,0;,0;,0;,0;,0;,0;,0;,0;,0;,0;,0;,0;,0;,0;
24078,Wuakerong,12.5;,104;,78.6;,0;,0;,0;,0;,0;,0;,0;,0;,0;,0;,0;,0;,0;,0;,0;,0;,0;,0;,0;,0;,0;
24079,Wuakerong,500;,624;,500;,0;,0;,0;,0;,;,;,;,;,;,;,0;,0;,0;,0;,0;,0;,0;,0;,0;,0;,0;
24080,Waienga,0;,0;,0;,0;,0;,0;,0;,0;,0;,180000;,900000;,700000;,0;,0;,0;,0;,0;,0;,0;,0;,0;,0;,0;,0;
24083,Tubuk Rajan,150;,250;,250;,;,;,;,;,;,;,;,120000;,10000000;,;,250000;,;,80000;,500000;,;,30000;,20000;,;,;,880000;,;
24092,Waienga,0;,60;,84;,36;,0;,0;,0;,0;,0;,360000;,450000;,10000000;,0;,0;,0;,60000;,0;,0;,0;,0;,0;,0;,0;,0;
24113,Dulitukan,;,;,0;,0;,;,;,;,;,;,;,;,;,;,;,;,;,;,;,;,;,;,;,;,;
24116,Dulitukan,;,;,0;,;,;,;,;,;,;,;,;,;,100000;,;,;,;,;,;,;,;,;,;,;,;
24119,Dulitukan,;,;,60;,40;,;,;,;,;,;,;,;,;,3750000;,;,;,;,;,;,;,;,;,;,;,;
24120,Dulitukan,;,;,0;,0;,0;,;,;,;,;,;,;,;,;,;,;,;,;,;,;,;,;,;,;,;
24123,Ile Kimok,30;,2;,5;,0;,1;,0;,0;,80000;,100000;,25000;,0;,0;,10000;,0;,0;,50000;,5000;,5000;,5000;,5000;,5000;,5000;,0;,0;
24124,Merdeka,2.5;,3.33;,;,;,;,;,;,120000;,40000;,;,;,;,;,;,;,;,;,;,;,10000;,;,;,30000;,;
24139,Ile Kimok,20;,2;,2;,0;,1;,0;,0;,50000;,100000;,12500;,0;,0;,10000;,0;,0;,15000;,0;,5000;,5000;,5000;,5000;,5000;,0;,0;
24140,Ile Kimok,20;,1;,2;,0;,1;,0;,0;,100000;,100000;,25000;,0;,0;,10000;,0;,0;,15000;,0;,5000;,5000;,5000;,5000;,5000;,0;,0;
24141,Ile Kimok,30;,2;,2;,0;,2;,0;,0;,100000;,50000;,20000;,0;,0;,10000;,0;,0;,25000;,5000;,5000;,5000;,5000;,5000;,5000;,0;,0;
24143,Ile Kimok,30;,0;,1;,0;,0;,0;,0;,300000;,100000;,10000;,0;,0;,10000;,0;,0;,5000;,5000;,5000;,5000;,5000;,5000;,5000;,0;,0;
24144,Ile Kimok,30;,5;,5;,0;,1;,0;,0;,100000;,20000;,10000;,0;,0;,75000;,0;,0;,15000;,5000;,5000;,5000;,5000;,5000;,5000;,0;,0;
24149,Ile Kimok,20;,1;,1;,0;,1;,0;,0;,40000;,25000;,10000;,0;,0;,0;,0;,0;,25000;,0;,5000;,5000;,5000;,5000;,5000;,0;,0;
24155,Ile Kimok,20;,2;,2;,0;,1;,0;,0;,100000;,10000;,15000;,0;,0;,0;,0;,0;,0;,5000;,5000;,5000;,5000;,5000;,5000;,0;,0;
24156,Ile Kimok,40;,1;,4;,0;,0;,0;,0;,45000;,25000;,10000;,0;,0;,0;,0;,0;,10000;,0;,10000;,10000;,10000;,10000;,0;,0;,0;
24157,Ile Kimok,50;,1;,3;,0;,3;,0;,0;,100000;,20000;,5000;,0;,0;,0;,0;,0;,20000;,0;,0;,0;,0;,0;,0;,0;,0;
24162,Waienga,0;,0;,120;,0;,0;,0;,0;,960000;,0;,180000;,900000;,8000000;,0;,0;,240000;,0;,0;,0;,0;,0;,0;,0;,0;,0;
24163,Ile Kimok,10;,5;,10;,0;,5;,0;,0;,200000;,50000;,150000;,0;,0;,0;,0;,0;,0;,0;,0;,0;,0;,0;,5000;,0;,0;
24164,Ile Kimok,20;,2;,5;,0;,1;,0;,0;,80000;,50000;,60000;,0;,0;,10000;,0;,0;,0;,0;,0;,0;,0;,0;,0;,0;,0;
24166,Merdeka,;,4;,8;,;,;,;,;,240000;,;,;,;,;,;,;,;,;,;,;,;,;,;,;,;,;
24169,Ile Kimok,20;,2;,2;,0;,1;,0;,0;,300000;,100000;,20000;,0;,0;,10000;,0;,0;,0;,0;,0;,0;,0;,0;,0;,0;,0;
24229,Tubuk Rajan,,,,,,,,,,,,,,,,,,,,,,,,
24231,Tubuk Rajan,35;,50;,100;,;,;,;,;,;,;,;,250000;,1500000;,;,;,;,;,750000;,;,;,;,;,;,;,;
24232,Tubuk Rajan,125;,25;,;,;,;,;,;,;,;,;,;,;,;,;,;,;,;,;,;,;,;,;,;,;
24233,Tubuk Rajan,,,,,,,,,,,,,,,,,,,,,,,,
24234,Tubuk Rajan,,,,,,,,,,,,,,,,,,,,,,,,
24235,Tubuk Rajan,,,,,,,,,,,,,,,,,,,,,,,,
24236,Tubuk Rajan,,,,,,,,,,,,,,,,,,,,,,,,
24237,Tubuk Rajan,,,,,,,,,,,,,,,,,,,,,,,,
24238,Tubuk Rajan,400;,;,;,;,;,;,;,;,;,;,;,;,;,;,;,;,;,;,;,;,;,;,;,;
24239,Tubuk Rajan,,,,,,,,,,,,,,,,,,,,,,,,
24240,Tubuk Rajan,350;,250;,150;,;,;,;,;,;,;,;,100000;,;,;,750000;,;,;,;,;,;,;,;,;,2500000;,;
24241,Tubuk Rajan,216;,500;,100;,;,;,;,;,;,;,;,;,;,;,;,;,;,;,;,;,;,;,;,;,;
24261,Todanara,0;,0;,50;,1000;,0;,0;,0;,0;,0;,0;,0;,0;,0;,;,0;,0;,0;,0;,0;,0;,0;,0;,0;,;
24269,Todanara,0;,50;,100;,200;,0;,0;,0;,0;,0;,0;,0;,0;,0;,0;,0;,0;,0;,0;,0;,0;,0;,0;,0;,;
24272,Merdeka,;,8;,10;,;,;,;,;,;,;,;,75000;,;,35000;,;,;,;,;,;,;,;,;,5000;,;,;
24280,Merdeka,;,;,;,;,;,;,;,;,;,30000;,150000;,;,;,;,;,;,;,;,;,;,;,;,;,;
24305,Wuakerong,100;,50;,50;,0;,0;,0;,0;,0;,0;,0;,0;,0;,0;,1440000;,0;,0;,0;,0;,0;,0;,0;,0;,1200000;,;
24308,Mahal,0;,0;,5000;,0;,0;,0;,0;,0;,0;,0;,0;,0;,0;,0;,0;,0;,0;,0;,0;,0;,0;,0;,2400000;,30000;
24310,Todanara,0;,0;,0;,0;,0;,0;,0;,0;,0;,0;,0;,0;,0;,0;,0;,0;,0;,0;,0;,0;,0;,0;,0;,;
24318,Wuakerong,0;,48;,33;,0;,0;,0;,0;,0;,0;,0;,0;,0;,0;,0;,0;,0;,0;,0;,0;,0;,0;,0;,0;,0;
24319,Merdeka,5;,10;,7;,;,;,;,;,;,;,30000;,130000;,;,;,;,;,;,;,;,;,;,;,;,;,;
24320,Merdeka,83;,9;,12;,;,;,;,;,;,;,;,;,;,120000;,;,;,;,;,;,;,;,;,;,;,;
24321,Wuakerong,0;,0;,0;,0;,0;,0;,0;,72000000;,0;,0;,0;,0;,0;,0;,0;,0;,0;,0;,0;,0;,0;,0;,0;,;
24322,Wuakerong,0;,4;,3;,0;,0.8;,0;,0;,10800000;,0;,0;,1800000;,0;,0;,22500;,0;,362880;,0;,0;,0;,0;,0;,0;,0;,0;
24323,Wuakerong,0;,0;,0;,0;,0;,0;,0;,0;,0;,0;,0;,0;,0;,0;,0;,0;,0;,0;,0;,0;,0;,0;,0;,0;
24324,Wuakerong,,,,,,,,,,,,,,,,,,,,,,,,
24325,Wuakerong,50;,50;,100;,100;,10;,0;,0;,0;,0;,240000;,0;,0;,10000;,45000;,0;,0;,504000;,0;,0;,0;,0;,0;,0;,;
24326,Wuakerong,0;,0;,0;,0;,0;,0;,0;,0;,0;,0;,0;,0;,0;,0;,0;,0;,0;,0;,0;,00;,0;,0;,0;,0;
24329,Ile Kimok,30;,2;,2;,2;,2;,0;,0;,0;,80000;,0;,0;,0;,0;,0;,0;,0;,0;,0;,0;,0;,0;,0;,0;,0;
24330,Katakeja,0;,0;,0;,0;,0;,0;,0;,0;,0;,0;,0;,0;,0;,0;,0;,0;,900000;,0;,0;,0;,0;,0;,3850000;,0;
24331,Katakeja,575;,0;,2900;,0;,0;,0;,0;,0;,0;,0;,0;,0;,0;,0;,0;,0;,468000;,0;,0;,0;,0;,0;,0;,0;
24332,Bour,0;,0;,0;,0;,0;,0;,0;,0;,0;,200000;,300000;,0;,0;,0;,0;,0;,0;,0;,0;,0;,0;,0;,3000000;,0;
24339,Katakeja,250;,0;,500;,0;,0;,0;,0;,0;,0;,0;,0;,0;,0;,0;,0;,400000;,0;,0;,0;,0;,0;,0;,0;,0;
24340,Labalimut,0;,100;,0;,350;,0;,0;,0;,0;,0;,0;,0;,0;,0;,;,0;,0;,1050000;,0;,0;,0;,0;,0;,0;,0;
24341,Labalimut,200;,145;,150;,0;,36;,0;,0;,0;,0;,0;,0;,0;,50000;,75000;,0;,50000;,2880000;,30000;,30000;,30000;,30000;,0;,1125000;,2400000;
24342,Katakeja,0;,0;,250;,0;,0;,0;,0;,0;,0;,0;,0;,0;,0;,0;,0;,0;,0;,0;,0;,0;,100000;,0;,0;,0;
24343,Puor,;,;,;,;,;,;,;,;,;,;,;,;,;,;,;,;,5000000;,;,;,;,;,;,1000000;,1000000;
24345,Merdeka,2.5;,;,2.5;,;,1.5;,;,;,;,;,;,;,;,70000;,;,;,;,;,;,;,;,;,;,;,;
24346,Merdeka,;,;,;,;,;,;,;,;,;,;,;,;,;,;,;,;,30000;,;,;,25000;,;,;,;,;
24347,Merdeka,;,;,;,;,;,;,;,160000;,;,;,;,;,;,360000;,;,;,;,;,;,;,;,;,;,;
24348,Dikesare,,,,,,,,,,,,,,,,,,,,,,,,
24350,Dikesare,;,;,4;,;,;,;,;,;,;,;,;,;,;,;,;,;,;,;,;,;,;,;,;,;
24353,Dikesare,,,,,,,,,,,,,,,,,,,,,,,,
24355,Dikesare,;,;,50;,;,;,;,;,;,;,;,;,;,;,;,;,;,;,;,;,;,;,;,;,;
24356,Dikesare,,,,,,,,,,,,,,,,,,,,,,,,
24357,Dikesare,;,;,50;,;,;,;,;,;,;,;,;,;,;,;,;,;,;,;,;,;,;,;,;,;
24359,Dikesare,15;,;,10;,;,;,;,;,;,;,;,;,;,;,;,;,;,;,;,;,;,;,;,;,;
24360,Dikesare,20;,;,25;,;,;,;,;,30000;,;,;,;,;,;,;,;,;,;,;,;,;,;,;,;,;
24367,Todanara,750; 750;,0; ;,750; ;,0; ;,0; ;,0; ;,0; ;,; ;,; ;,24000; 24000;,; 0;,; ;,; ;,; ;,; 0;,; 0;,; 0;,; 0;,; 0;,; 0;,; 0;,; 0;,; 0;,; ;
24369,Merdeka,;,;,30;,;,;,;,;,;,;,;,;,;,;,;,;,;,;,15000;,;,;,;,;,20000;,;
24370,Labalimut,6;,10;,10;,0;,3;,0;,0;,0;,0;,0;,0;,0;,0;,20000;,0;,0;,90000;,0;,0;,0;,0;,0;,0;,0;
24371,Merdeka,4;,;,5;,;,1;,;,;,80000;,60000;,;,140000;,;,;,;,;,;,;,;,;,;,;,;,45000;,;
24372,Merdeka,;,20;,;,25;,;,;,;,60000;,;,35000;,;,;,;,;,;,;,;,;,;,;,;,;,;,;
24381,Todanara,0; 0;,0; 0;,0; 0;,0; 0;,0; 0;,0; 0;,0; 0;,0; 0;,0; 0;,0; 0;,0; 0;,0; 0;,0; 0;,0; 0;,0; 0;,0; 0;,0; 0;,0; 0;,0; 0;,0; 0;,0; 0;,0; 0;,0; 0;,; ;
24385,Dikesare,,,,,,,,,,,,,,,,,,,,,,,,
24386,Dikesare,;,;,50;,;,;,;,;,300000;,20000;,100000;,70000;,100000;,35000;,110000;,;,;,;,5000;,5000;,;,;,10000;,;,;
24388,Todanara,0;,0;,0;,0;,0;,0;,0;,0;,0;,0;,0;,0;,0;,0;,0;,0;,0;,0;,0;,0;,0;,0;,0;,;
24395,Todanara,0;,0;,50;,0;,0;,0;,0;,0;,0;,0;,0;,0;,0;,0;,0;,0;,0;,0;,0;,0;,0;,0;,0;,;
24399,Dikesare,;,1;,50;,;,;,;,;,;,;,;,;,;,;,;,;,;,;,;,;,;,;,;,;,0;
24412,Todanara,0;,0;,50;,0;,0;,0;,0;,0;,0;,0;,0;,0;,0;,0;,0;,0;,0;,0;,0;,0;,0;,0;,0;,;
24413,Mahal,0;,0;,20;,0;,3;,0;,0;,0;,0;,0;,0;,0;,0;,0;,0;,0;,0;,0;,0;,0;,0;,0;,0;,0;
24414,Merdeka,250;,20;,8.3;,41.6;,;,;,;,;,;,;,;,;,;,300000;,;,;,;,;,;,;,;,;,50000;,;
24415,Merdeka,;,;,5;,;,;,;,;,60000;,;,;,;,;,;,;,;,;,;,15000;,;,30000;,;,;,;,;
24416,Merdeka,,,,,,,,,,,,,,,,,,,,,,,,
24417,Merdeka,5;,;,6.6;,;,;,;,;,40000;,;,;,;,;,;,;,;,;,;,;,;,;,;,;,;,;
24419,Merdeka,7.5;,;,10;,10;,;,;,;,;,;,;,;,;,70000;,450000;,;,;,;,;,;,;,;,;,;,;
24424,Todanara,1000;,150;,500;,500;,0;,0;,0;,0;,0;,0;,0;,0;,200000;,0;,0;,0;,0;,25000;,25000;,0;,0;,0;,0;,;
24428,Todanara,0;,0;,0;,500;,0;,0;,0;,30000;,0;,0;,0;,0;,0;,0;,0;,0;,0;,0;,0;,10000;,0;,0;,0;,;
24444,Katakeja,250;,200;,0;,0;,0;,0;,0;,0;,0;,0;,0;,0;,0;,0;,200000;,2000000;,0;,0;,0;,0;,0;,0;,0;,0;
24448,Katakeja,200;,450;,350;,0;,0;,0;,0;,0;,0;,0;,0;,0;,0;,0;,0;,0;,0;,0;,0;,0;,0;,0;,0;,0;
24454,Katakeja,,,,,,,,,,,,,,,,,,,,,,,,
24486,Tubuk Rajan,;,;,20;,;,;,;,;,;,;,;,120000;,;,;,;,;,;,;,;,10000;,;,10000;,;,200000;,;
24487,Dikesare,500;,;,;,;,;,;,;,;,;,;,;,;,;,;,;,;,;,;,;,;,;,;,;,;
24488,Tubuk Rajan,; ;,; ;,; ;,; ;,; ;,; ;,; ;,; ;,; ;,; ;,; 120000;,; ;,; ;,75000; ;,; ;,; ;,; ;,; ;,; ;,; ;,; ;,; ;,; ;,; ;
24490,Tubuk Rajan,,,,,,,,,,,,,,,,,,,,,,,,
24500,Ile Kimok,20;,1;,1;,1;,1;,1;,1;,20000;,25000;,10000;,0;,0;,0;,0;,0;,0;,0;,0;,0;,0;,0;,0;,0;,0;
24504,Katakeja,0;,0;,450;,0;,0;,0;,0;,0;,0;,0;,0;,0;,100;,0;,0;,0;,0;,0;,0;,0;,0;,0;,200;,0;
24505,Katakeja,0;,0;,50;,0;,0;,0;,0;,0;,0;,0;,0;,0;,0;,0;,0;,0;,2100000;,0;,0;,0;,0;,0;,0;,0;
24510,Merdeka,;,;,;,;,;,;,;,;,;,30000;,80000;,;,;,;,;,;,;,;,;,;,;,;,;,;
24519,Waienga,0;,0;,30;,0;,0;,0;,0;,12000000;,1200000;,252000;,350000;,0;,0;,120000;,0;,0;,0;,0;,0;,0;,0;,0;,0;,0;
24577,Waienga,0;,0;,0;,0;,0;,0;,0;,250000;,0;,0;,0;,0;,0;,0;,0;,0;,0;,0;,0;,0;,0;,0;,0;,0;
24587,Labalimut,0;,20;,5;,0;,40;,0;,0;,0;,0;,0;,0;,0;,0;,0;,0;,0;,720000;,30000;,30000;,30000;,0;,0;,1584000;,1060000;
24596,Merdeka,4.1;,3;,;,41;,;,;,;,;,;,;,;,;,;,15000;,;,;,;,;,;,;,;,;,;,;
24598,Paubokol,0;,720;,90;,0;,0;,0;,0;,0;,0;,0;,0;,0;,0;,0;,0;,120000;,120000;,120000;,180000;,120000;,120000;,120000;,0;,;
24606,Paubokol,300;,0;,150;,0;,0;,0;,0;,0;,0;,0;,0;,0;,0;,0;,0;,120000;,120000;,120000;,180000;,120000;,120000;,120000;,4140000;,;
24611,Dikesare,50;,;,60;,;,;,;,;,100000;,;,;,;,;,;,;,;,;,;,;,;,;,;,;,;,;
24612,Dikesare,,,,,,,,,,,,,,,,,,,,,,,,
24613,Dikesare,;,;,;,;,;,;,;,50000;,;,;,;,;,;,;,;,;,;,;,;,;,;,;,;,;
24617,Dikesare,7;,;,4;,;,;,;,;,;,;,;,;,;,;,;,;,;,;,;,;,;,;,;,;,;
24634,Muruona,0;,200;,750;,0;,0;,0;,0;,0;,0;,0;,0;,0;,0;,0;,0;,0;,0;,0;,0;,0;,0;,0;,0;,0;
24635,Katakeja,0;,0;,0;,0;,0;,0;,0;,0;,0;,0;,0;,0;,0;,0;,0;,0;,2000000;,0;,0;,0;,0;,0;,0;,1000000;
24636,Katakeja,300;,960;,100;,7;,0;,0;,0;,0;,0;,0;,0;,0;,0;,0;,0;,0;,0;,0;,0;,0;,0;,0;,0;,528000;
24649,Dikesare,;,;,3;,;,;,;,;,;,;,;,;,;,;,;,;,;,;,;,;,;,;,;,;,;
24659,Muruona,0;,0;,0;,80;,0;,0;,0;,0;,0;,0;,300000;,0;,0;,0;,0;,0;,0;,0;,0;,0;,0;,0;,0;,-;
24662,Muruona,0;,40;,20;,40;,0;,0;,0;,0;,0;,0;,500000;,0;,0;,0;,0;,0;,0;,0;,0;,0;,0;,0;,0;,-;
24663,Ile Kimok,50;,2;,2;,2;,2;,0;,0;,300000;,50000;,20000;,0;,0;,0;,0;,0;,0;,0;,0;,0;,0;,0;,0;,0;,;
24689,Katakeja,0;,0;,0;,0;,0;,0;,0;,0;,0;,0;,0;,0;,0;,80000;,0;,0;,1000000;,0;,0;,0;,0;,0;,2400000;,100000;
24690,Katakeja,,,,,,,,,,,,,,,,,,,,,,,,
24691,Katakeja,0;,0;,0;,0;,0;,0;,0;,0;,0;,0;,0;,0;,0;,0;,0;,0;,75000;,0;,0;,0;,0;,0;,0;,0;
24692,Katakeja,500;,0;,500;,0;,0;,0;,0;,0;,0;,0;,0;,0;,0;,0;,0;,0;,30000000;,0;,0;,0;,0;,0;,1100000;,700000;
24708,Dikesare,;,;,20;,;,;,;,;,;,;,;,;,;,;,;,;,;,;,;,;,;,;,;,;,;
24709,Dikesare,,,,,,,,,,,,,,,,,,,,,,,,
24710,Dikesare,;,;,;,;,;,;,;,300000;,20000;,;,150000;,11000000;,;,;,;,;,;,;,;,;,;,;,;,;
24713,Mahal,0;,0;,210;,0;,0;,0;,0;,0;,0;,0;,0;,0;,0;,0;,0;,0;,0;,0;,0;,0;,0;,0;,0;,0;
24714,Katakeja,,,,,,,,,,,,,,,,,,,,,,,,
24715,Katakeja,1000;,200;,1500;,0;,25;,0;,0;,0;,0;,0;,0;,0;,0;,0;,0;,0;,5000000;,0;,0;,0;,0;,0;,25;,0;
24716,Katakeja,0;,48;,0;,0;,0;,0;,0;,0;,0;,0;,0;,0;,0;,0;,0;,0;,0;,0;,0;,0;,0;,0;,0;,0;
24718,Katakeja,,,,,,,,,,,,,,,,,,,,,,,,
24720,Katakeja,0;,0;,250;,0;,0;,0;,0;,0;,0;,0;,0;,0;,0;,0;,0;,0;,1040000;,0;,0;,0;,0;,0;,0;,0;
24739,Katakeja,0;,4500;,1500;,170;,300;,0;,0;,0;,0;,0;,0;,0;,0;,0;,0;,0;,1600000;,0;,0;,0;,0;,0;,0;,0;
24746,Katakeja,250;,750;,1000;,0;,0;,0;,0;,0;,0;,0;,0;,0;,0;,0;,0;,0;,1000000;,0;,0;,0;,0;,0;,0;,0;
24760,Dulitukan,,,,,,,,,,,,,,,,,,,,,,,,
24765,Katakeja,4000;,250;,200;,0;,0;,0;,0;,0;,0;,0;,0;,0;,0;,0;,0;,0;,3000000;,0;,0;,0;,0;,0;,0;,0;
24766,Katakeja,0;,60;,100;,100;,0;,0;,0;,0;,0;,0;,0;,0;,0;,40000;,0;,0;,1400000;,0;,0;,0;,0;,0;,0;,0;
24767,Katakeja,0;,250;,150;,500;,0;,0;,0;,0;,0;,0;,0;,0;,0;,0;,0;,0;,8000000;,0;,0;,0;,0;,0;,2860000;,0;
24798,Todanara,0;,25;,100;,0;,0;,0;,0;,0;,0;,0;,0;,0;,0;,;,0;,0;,0;,0;,0;,0;,0;,0;,0;,0;
24799,Todanara,0;,0;,0;,150000;,0;,0;,0;,200000;,0;,0;,0;,0;,0;,0;,0;,0;,0;,0;,0;,0;,0;,0;,0;,0;
24801,Todanara,0;,50;,50;,30;,0;,0;,0;,0;,0;,0;,5000;,0;,0;,0;,0;,0;,0;,0;,0;,0;,0;,0;,0;,0;
24802,Dikesare,;,;,;,;,;,;,;,125000;,;,65000;,;,;,;,;,;,;,;,;,;,;,;,;,;,;
24803,Mahal,,,,,,,,,,,,,,,,,,,,,,,,
24866,Todanara,300;,100;,100;,100;,0;,0;,0;,0;,0;,0;,0;,0;,0;,0;,0;,0;,0;,0;,0;,0;,0;,0;,0;,;
24867,Todanara,150;,100;,250;,250;,0;,0;,0;,0;,0;,0;,0;,0;,300;,0;,0;,0;,0;,0;,0;,0;,0;,0;,0;,;
24869,Todanara,0;,0;,0;,0;,0;,0;,0;,200000;,0;,0;,0;,0;,0;,0;,0;,0;,0;,0;,0;,0;,0;,0;,0;,0;
24887,Labalimut,50;,30;,60;,80;,0;,0;,0;,0;,0;,0;,0;,0;,0;,0;,0;,20000;,3000000;,20000;,20000;,20000;,20000;,20000;,0;,0;
24957,Todanara,300;,0;,200;,200;,0;,60;,0;,0;,0;,0;,0;,0;,0;,0;,0;,0;,0;,0;,0;,0;,0;,0;,0;,0;
